kusini,"['ku', 'si', 'n', 'i']"
ikiwa,"['i', 'ki', 'w', 'a']"
mwaka,"['m', 'wa', 'k', 'a']"
mikoa,"['m', 'i', 'ko', 'ko', 'a']"
kutokana,"['ku', 'toka', 'toka', 'n', 'a']"
alipokuwa,"['a', 'li', 'po', 'ku', 'w', 'a']"
chama,"['cha', 'cha', 'm', 'a']"
wanawake,"['wa', 'na', 'wa', 'k', 'e']"
mtakuwa,"['m', 'ta', 'ku', 'w', 'a']"
kimekuwa,"['ki', 'me', 'ku', 'w', 'a']"
maoni,"['m', 'a', 'o', 'ni']"
husika,"['hu', 'si', 'si', 'k', 'a']"
tumaini,"['tu', 'm', 'a', 'i', 'ni']"
daima,"['dai', 'dai', 'm', 'a']"
amani,"['a', 'm', 'an', 'i']"
ilikuwa,"['i', 'li', 'ku', 'w', 'a']"
wamekuwa,"['wa', 'me', 'ku', 'w', 'a']"
kutuma,"['ku', 'tu', 'm', 'a']"
mkazi,"['m', 'ka', 'z', 'i']"
iliyokubalika,"['i', 'li', 'yo', 'kubali', 'kubali', 'k', 'a']"
haikuwa,"['ha', 'i', 'ku', 'w', 'a']"
lilikuwa,"['li', 'li', 'ku', 'w', 'a']"
washtakiwa,"['wa', 'shtaki', 'shtaki', 'w', 'a']"
utamwa,"['u', 'ta', 'm', 'w', 'a']"
ilituma,"['i', 'li', 'tu', 'm', 'a']"
wauzwe,"['wa', 'u', 'zw', 'e']"
haina,"['ha', 'i', 'n', 'a']"
hakukuwa,"['ha', 'ku', 'ku', 'w', 'a']"
wanadaiwa,"['wa', 'na', 'dai', 'dai', 'w', 'a']"
kulikuwa,"['ku', 'li', 'ku', 'w', 'a']"
makazi,"['m', 'aka', 'aka', 'z', 'i']"
wanyama,"['wa', 'nya', 'nya', 'm', 'a']"
walikuwa,"['wa', 'li', 'ku', 'w', 'a']"
kuishi,"['ku', 'i', 'sh', 'i']"
tulikuwa,"['tu', 'li', 'ku', 'w', 'a']"
waliokuwa,"['wa', 'li', 'o', 'ku', 'w', 'a']"
wakiishi,"['wa', 'ki', 'ish', 'i']"
hatua,"['ha', 'tu', 'a']"
kutakiwa,"['ku', 'ta', 'ki', 'w', 'a']"
kulia,"['ku', 'li', 'a']"
kutulia,"['ku', 'tu', 'li', 'a']"
kutaka,"['ku', 'ta', 'k', 'a']"
miwani,"['m', 'i', 'wa', 'wa', 'n', 'i']"
kulima,"['ku', 'li', 'm', 'a']"
mazao,"['m', 'az', 'a', 'o']"
viazi,"['vi', 'az', 'i']"
vijana,"['vi', 'ja', 'ja', 'n', 'a']"
ingekuwa,"['i', 'nge', 'ku', 'w', 'a']"
ulikuwa,"['u', 'li', 'ku', 'w', 'a']"
kusafirisha,"['ku', 'safiri', 'safiri', 'sh', 'a']"
wakazi,"['wa', 'ka', 'z', 'i']"
tukakubaliana,"['tu', 'ka', 'kubali', 'kubali', 'an', 'a']"
yataka,"['ya', 'ta', 'k', 'a']"
waumini,"['wa', 'u', 'm', 'i', 'ni']"
unapokuwa,"['u', 'na', 'po', 'ku', 'w', 'a']"
alikuwa,"['a', 'li', 'ku', 'w', 'a']"
hakutakuwa,"['ha', 'ku', 'ta', 'ku', 'w', 'a']"
wanakuwa,"['wa', 'na', 'ku', 'w', 'a']"
wasiwasi,"['wa', 'si', 'wa', 's', 'i']"
mpana,"['m', 'pa', 'n', 'a']"
usiwe,"['u', 'si', 'w', 'e']"
akiwa,"['a', 'ki', 'w', 'a']"
tukubaliane,"['tu', 'kubali', 'kubali', 'an', 'e']"
tuondokane,"['tu', 'ondoka', 'ondoka', 'n', 'e']"
alikosa,"['a', 'li', 'ko', 'ko', 's', 'a']"
kuunawa,"['ku', 'u', 'na', 'na', 'w', 'a']"
kuelewana,"['ku', 'elewa', 'elewa', 'n', 'a']"
wakikosa,"['wa', 'ki', 'ko', 'ko', 's', 'a']"
hamsini,"['ha', 'm', 'si', 'si', 'n', 'i']"
itaumana,"['i', 'ta', 'uma', 'uma', 'n', 'a']"
inaondokana,"['i', 'na', 'ondoka', 'ondoka', 'n', 'a']"
mtama,"['m', 'ta', 'm', 'a']"
ilani,"['i', 'la', 'la', 'n', 'i']"
ukutani,"['u', 'kuta', 'kuta', 'n', 'i']"
wanaoishi,"['wa', 'na', 'o', 'i', 'sh', 'i']"
yatakuwa,"['ya', 'ta', 'ku', 'w', 'a']"
wanaishi,"['wa', 'na', 'i', 'sh', 'i']"
zinaa,"['zi', 'na', 'a']"
wanachama,"['wa', 'na', 'cha', 'cha', 'm', 'a']"
kilaini,"['ki', 'la', 'la', 'i', 'ni']"
asiye,"['a', 'si', 'y', 'e']"
muasi,"['m', 'ua', 'ua', 's', 'i']"
isiwe,"['i', 'si', 'w', 'e']"
msimamo,"['m', 'si', 'si', 'm', 'a', 'mo']"
imani,"['i', 'm', 'an', 'i']"
imekuwa,"['i', 'me', 'ku', 'w', 'a']"
ikutane,"['i', 'kuta', 'kuta', 'n', 'e']"
kupingana,"['ku', 'pinga', 'pinga', 'n', 'a']"
kukataa,"['ku', 'kata', 'kata', 'a']"
kukiwa,"['ku', 'ki', 'w', 'a']"
yamekuwa,"['ya', 'me', 'ku', 'w', 'a']"
vikao,"['vi', 'k', 'a', 'o']"
misimamo,"['m', 'i', 'si', 'si', 'm', 'a', 'mo']"
hakutaka,"['ha', 'ku', 'ta', 'k', 'a']"
mwafaka,"['m', 'wa', 'fa', 'fa', 'k', 'a']"
mlima,"['m', 'li', 'm', 'a']"
kubadilishana,"['ku', 'badili', 'badili', 'shan', 'a']"
ameitaka,"['a', 'me', 'ita', 'ita', 'k', 'a']"
iondokane,"['i', 'ondoka', 'ondoka', 'n', 'e']"
ujambazi,"['u', 'jamba', 'jamba', 'z', 'i']"
kukuza,"['ku', 'ku', 'z', 'a']"
kulaani,"['ku', 'la', 'la', 'an', 'i']"
kijana,"['ki', 'ja', 'ja', 'n', 'a']"
mtume,"['m', 'tu', 'm', 'e']"
kikao,"['ki', 'k', 'a', 'o']"
mkoani,"['m', 'ko', 'ko', 'an', 'i']"
aliyekuwa,"['a', 'li', 'ye', 'ku', 'w', 'a']"
kipaza,"['ki', 'pa', 'z', 'a']"
mchana,"['m', 'cha', 'cha', 'n', 'a']"
hawakosi,"['ha', 'wa', 'ko', 'ko', 's', 'i']"
macho,"['m', 'a', 'cho']"
kisha,"['ki', 'sh', 'a']"
kuaminiwa,"['ku', 'amini', 'amini', 'w', 'a']"
mzizi,"['m', 'zi', 'z', 'i']"
sitaki,"['si', 'ta', 'k', 'i']"
mitaa,"['m', 'ita', 'ita', 'a']"
hautakuwa,"['ha', 'u', 'ta', 'ku', 'w', 'a']"
kukataliwa,"['ku', 'kata', 'kata', 'liw', 'a']"
kuzaliwa,"['kuza', 'kuza', 'liw', 'a']"
inalaani,"['i', 'na', 'la', 'la', 'an', 'i']"
kurudisha,"['ku', 'rudi', 'rudi', 'sh', 'a']"
kukutana,"['ku', 'kuta', 'kuta', 'n', 'a']"
iliyokuwa,"['i', 'li', 'yo', 'ku', 'w', 'a']"
miezi,"['m', 'i', 'ez', 'i']"
kusikia,"['ku', 'si', 'ki', 'a']"
analodaiwa,"['a', 'na', 'lo', 'dai', 'dai', 'w', 'a']"
hakuna,"['ha', 'ku', 'n', 'a']"
kukua,"['ku', 'ku', 'a']"
watakaa,"['wa', 'taka', 'a']"
kisiki,"['ki', 'si', 'k', 'i']"
itakuwa,"['i', 'ta', 'ku', 'w', 'a']"
utakuwa,"['u', 'ta', 'ku', 'w', 'a']"
kuwakosa,"['ku', 'wa', 'ko', 'ko', 's', 'a']"
hatutakuwa,"['ha', 'tu', 'ta', 'ku', 'w', 'a']"
kikosi,"['ki', 'ko', 'ko', 's', 'i']"
kichwani,"['ki', 'chwa', 'chwa', 'n', 'i']"
waume,"['wa', 'u', 'm', 'e']"
anadaiwa,"['a', 'na', 'dai', 'dai', 'w', 'a']"
zinazotokana,"['zi', 'na', 'zo', 'toka', 'toka', 'n', 'a']"
wanaodaiwa,"['wa', 'na', 'o', 'dai', 'dai', 'w', 'a']"
kukaa,"['ku', 'ka', 'a']"
wakiwa,"['wa', 'ki', 'w', 'a']"
waliwaua,"['wa', 'li', 'wa', 'u', 'a']"
hamisi,"['ha', 'm', 'i', 's', 'i']"
aliyokuwa,"['a', 'li', 'yo', 'ku', 'w', 'a']"
msako,"['m', 's', 'a', 'ko']"
vikosi,"['vi', 'ko', 'ko', 's', 'i']"
zikiwa,"['zi', 'ki', 'w', 'a']"
anayedaiwa,"['a', 'na', 'ye', 'dai', 'dai', 'w', 'a']"
halima,"['ha', 'li', 'm', 'a']"
vituka,"['vi', 'tu', 'k', 'a']"
inadaiwa,"['i', 'na', 'dai', 'dai', 'w', 'a']"
utakapo,"['u', 'ta', 'k', 'a', 'po']"
alilokuwa,"['a', 'li', 'lo', 'ku', 'w', 'a']"
akidaiwa,"['a', 'ki', 'dai', 'dai', 'w', 'a']"
mjini,"['m', 'ji', 'n', 'i']"
wanaodhaniwa,"['wa', 'na', 'o', 'dhani', 'dhani', 'w', 'a']"
alikataa,"['a', 'li', 'kata', 'kata', 'a']"
likiwa,"['li', 'ki', 'w', 'a']"
yalikuwa,"['ya', 'li', 'ku', 'w', 'a']"
ulijaa,"['u', 'li', 'ja', 'ja', 'a']"
limekuwa,"['li', 'me', 'ku', 'w', 'a']"
kichama,"['ki', 'cha', 'cha', 'm', 'a']"
kuuza,"['ku', 'u', 'z', 'a']"
hakikuwa,"['ha', 'ki', 'ku', 'w', 'a']"
wasichana,"['wa', 'si', 'cha', 'cha', 'n', 'a']"
mlimani,"['m', 'li', 'm', 'an', 'i']"
kinachodaiwa,"['ki', 'na', 'cho', 'dai', 'dai', 'w', 'a']"
kimetokana,"['ki', 'me', 'toka', 'toka', 'n', 'a']"
hakuwa,"['ha', 'ku', 'w', 'a']"
ikiwamo,"['i', 'ki', 'w', 'a', 'mo']"
umehifadhiwa,"['u', 'me', 'hifadhi', 'hifadhi', 'w', 'a']"
akiishi,"['a', 'ki', 'ish', 'i']"
ilivyokuwa,"['i', 'li', 'vyo', 'ku', 'w', 'a']"
kiume,"['ki', 'u', 'm', 'e']"
walichokuwa,"['wa', 'li', 'cho', 'ku', 'w', 'a']"
kilima,"['ki', 'li', 'm', 'a']"
kimya,"['ki', 'm', 'y', 'a']"
angekuwa,"['a', 'nge', 'ku', 'w', 'a']"
halina,"['ha', 'li', 'n', 'a']"
ikidaiwa,"['i', 'ki', 'dai', 'dai', 'w', 'a']"
hususani,"['husu', 'husu', 's', 'a', 'ni']"
hafai,"['ha', 'fa', 'fa', 'i']"
atakuwa,"['a', 'ta', 'ku', 'w', 'a']"
waziwazi,"['wa', 'zi', 'wa', 'wa', 'z', 'i']"
kukosa,"['ku', 'ko', 'ko', 's', 'a']"
alivyokuwa,"['a', 'li', 'vyo', 'ku', 'w', 'a']"
amekuwa,"['a', 'me', 'ku', 'w', 'a']"
mtazamo,"['m', 'ta', 'z', 'a', 'mo']"
ilipokuwa,"['i', 'li', 'po', 'ku', 'w', 'a']"
kutatua,"['ku', 'ta', 'tu', 'a']"
hatiani,"['ha', 'tia', 'tia', 'n', 'i']"
wanaozaliwa,"['wa', 'na', 'oza', 'oza', 'liw', 'a']"
mikoani,"['m', 'i', 'ko', 'ko', 'an', 'i']"
mwakani,"['m', 'wa', 'k', 'a', 'ni']"
hawana,"['ha', 'wa', 'n', 'a']"
havina,"['ha', 'vi', 'n', 'a']"
vifaa,"['vi', 'fa', 'fa', 'a']"
wameitaka,"['wa', 'me', 'ita', 'ita', 'k', 'a']"
kuwasafirisha,"['ku', 'wa', 'safiri', 'safiri', 'sh', 'a']"
wameungana,"['wa', 'me', 'unga', 'unga', 'n', 'a']"
anaimani,"['a', 'na', 'i', 'm', 'a', 'ni']"
ilitokana,"['i', 'li', 'toka', 'toka', 'n', 'a']"
alama,"['a', 'la', 'la', 'm', 'a']"
kilikuwa,"['ki', 'li', 'ku', 'w', 'a']"
inatokana,"['i', 'na', 'toka', 'toka', 'n', 'a']"
kiula,"['ki', 'ul', 'a']"
yametokana,"['ya', 'me', 'toka', 'toka', 'n', 'a']"
umekuwa,"['u', 'me', 'ku', 'w', 'a']"
kinatokana,"['ki', 'na', 'toka', 'toka', 'n', 'a']"
inakuwa,"['i', 'na', 'ku', 'w', 'a']"
inakua,"['i', 'na', 'ku', 'a']"
mtaani,"['m', 'ta', 'a', 'ni']"
kuwarudisha,"['ku', 'wa', 'rudi', 'rudi', 'sh', 'a']"
mpaka,"['m', 'pa', 'k', 'a']"
walidaiwa,"['wa', 'li', 'dai', 'dai', 'w', 'a']"
amana,"['a', 'm', 'an', 'a']"
linadaiwa,"['li', 'na', 'dai', 'dai', 'w', 'a']"
zilidaiwa,"['zi', 'li', 'dai', 'dai', 'w', 'a']"
zilikuwa,"['zi', 'li', 'ku', 'w', 'a']"
zimechomwa,"['zi', 'me', 'cho', 'm', 'w', 'a']"
vilikuwa,"['vi', 'li', 'ku', 'w', 'a']"
vikiwa,"['vi', 'ki', 'w', 'a']"
wanaumini,"['wa', 'na', 'u', 'm', 'i', 'ni']"
kilichokutana,"['ki', 'li', 'cho', 'kuta', 'kuta', 'n', 'a']"
tunazo,"['tu', 'n', 'a', 'zo']"
kuwasha,"['ku', 'wa', 'sh', 'a']"
hazina,"['ha', 'zi', 'n', 'a']"
ikawa,"['i', 'ka', 'w', 'a']"
yaani,"['ya', 'an', 'i']"
kuisha,"['ku', 'i', 'sh', 'a']"
kuonana,"['ku', 'ona', 'ona', 'n', 'a']"
tumekubaliana,"['tu', 'me', 'kubali', 'kubali', 'an', 'a']"
iwapo,"['i', 'w', 'a', 'po']"
walikubaliana,"['wa', 'li', 'kubali', 'kubali', 'an', 'a']"
zikiwamo,"['zi', 'ki', 'w', 'a', 'mo']"
kikazi,"['ki', 'ka', 'z', 'i']"
wameua,"['wa', 'me', 'u', 'a']"
visiwani,"['vi', 'si', 'wa', 'n', 'i']"
mezani,"['m', 'ez', 'a', 'ni']"
likawa,"['li', 'ka', 'w', 'a']"
hatuna,"['ha', 'tu', 'n', 'a']"
lingekuwa,"['li', 'nge', 'ku', 'w', 'a']"
kinana,"['ki', 'na', 'n', 'a']"
zinazohitajika,"['zi', 'na', 'zo', 'hitaji', 'hitaji', 'k', 'a']"
imetokana,"['i', 'me', 'toka', 'toka', 'n', 'a']"
kuwapo,"['ku', 'w', 'a', 'po']"
ungekuwa,"['u', 'nge', 'ku', 'w', 'a']"
watataka,"['wa', 'tata', 'tata', 'k', 'a']"
halisi,"['ha', 'li', 's', 'i']"
tutakuwa,"['tu', 'ta', 'ku', 'w', 'a']"
hapana,"['ha', 'pa', 'n', 'a']"
zinadaiwa,"['zi', 'na', 'dai', 'dai', 'w', 'a']"
kukubaliana,"['ku', 'kubali', 'kubali', 'an', 'a']"
kumekuwa,"['ku', 'me', 'ku', 'w', 'a']"
mkasa,"['m', 'ka', 's', 'a']"
wanaouza,"['wa', 'na', 'o', 'u', 'z', 'a']"
yanauza,"['ya', 'na', 'u', 'z', 'a']"
wanauza,"['wa', 'na', 'u', 'z', 'a']"
makame,"['m', 'aka', 'aka', 'm', 'e']"
tumekuwa,"['tu', 'me', 'ku', 'w', 'a']"
kutamka,"['ku', 'ta', 'm', 'k', 'a']"
mdaiwa,"['m', 'dai', 'dai', 'w', 'a']"
wadaiwa,"['wa', 'dai', 'dai', 'w', 'a']"
mwanawe,"['m', 'wa', 'na', 'na', 'w', 'e']"
imedaiwa,"['i', 'me', 'dai', 'dai', 'w', 'a']"
yanayodaiwa,"['ya', 'na', 'yo', 'dai', 'dai', 'w', 'a']"
kusaidiana,"['ku', 'saidia', 'saidia', 'n', 'a']"
zimekuwa,"['zi', 'me', 'ku', 'w', 'a']"
hakika,"['ha', 'ki', 'k', 'a']"
alikaa,"['a', 'lika', 'lika', 'a']"
zilizokuwa,"['zi', 'li', 'zo', 'ku', 'w', 'a']"
haiaminiki,"['ha', 'i', 'amini', 'amini', 'k', 'i']"
anaona,"['a', 'na', 'o', 'n', 'a']"
umetokana,"['u', 'me', 'toka', 'toka', 'n', 'a']"
hawataki,"['ha', 'wa', 'ta', 'k', 'i']"
wanayoishi,"['wa', 'na', 'yo', 'i', 'sh', 'i']"
angalia,"['a', 'ngali', 'a']"
wanaona,"['wa', 'na', 'o', 'n', 'a']"
mkazo,"['m', 'k', 'a', 'zo']"
linatokana,"['li', 'na', 'toka', 'toka', 'n', 'a']"
zinaishi,"['zi', 'na', 'i', 'sh', 'i']"
kuaminika,"['ku', 'amini', 'amini', 'k', 'a']"
ushindani,"['u', 'shinda', 'shinda', 'n', 'i']"
kutotaka,"['ku', 'tota', 'tota', 'k', 'a']"
uwazi,"['u', 'wa', 'z', 'i']"
kufurahia,"['ku', 'furahi', 'furahi', 'a']"
akina,"['a', 'ki', 'n', 'a']"
hakina,"['ha', 'ki', 'n', 'a']"
kusikika,"['ku', 'si', 'ki', 'k', 'a']"
watakuwa,"['wa', 'ta', 'ku', 'w', 'a']"
kufuatana,"['ku', 'fuata', 'fuata', 'n', 'a']"
ikiitaka,"['i', 'ki', 'ita', 'ita', 'k', 'a']"
alitua,"['a', 'li', 'tu', 'a']"
zitakazokuwa,"['zi', 'taka', 'zo', 'ku', 'w', 'a']"
yaliyokuwa,"['ya', 'li', 'yo', 'ku', 'w', 'a']"
wanaotaka,"['wa', 'na', 'ota', 'ota', 'k', 'a']"
kubadilisha,"['ku', 'badili', 'badili', 'sh', 'a']"
kusubiria,"['ku', 'subiri', 'subiri', 'a']"
vilivyokuwa,"['vi', 'li', 'vyo', 'ku', 'w', 'a']"
wakaa,"['wa', 'ka', 'a']"
unafaa,"['u', 'na', 'fa', 'fa', 'a']"
imeona,"['i', 'me', 'o', 'n', 'a']"
kimeona,"['ki', 'me', 'o', 'n', 'a']"
wamekubaliana,"['wa', 'me', 'kubali', 'kubali', 'an', 'a']"
aliokuwa,"['a', 'li', 'o', 'ku', 'w', 'a']"
mzima,"['m', 'zi', 'm', 'a']"
upana,"['u', 'pa', 'n', 'a']"
hataki,"['ha', 'ta', 'k', 'i']"
haukuwa,"['ha', 'u', 'ku', 'w', 'a']"
wasiwe,"['wa', 'si', 'w', 'e']"
waliodaiwa,"['wa', 'li', 'o', 'dai', 'dai', 'w', 'a']"
waliokosa,"['wa', 'li', 'o', 'ko', 'ko', 's', 'a']"
kujaza,"['ku', 'ja', 'ja', 'z', 'a']"
kuuzwa,"['ku', 'u', 'zw', 'a']"
mitaani,"['m', 'ita', 'ita', 'an', 'i']"
walikana,"['wa', 'lika', 'lika', 'n', 'a']"
mkalimani,"['m', 'ka', 'li', 'm', 'a', 'ni']"
wawapo,"['wa', 'w', 'a', 'po']"
umeme,"['u', 'me', 'm', 'e']"
kuzidiwa,"['ku', 'zidi', 'zidi', 'w', 'a']"
alidaiwa,"['a', 'li', 'dai', 'dai', 'w', 'a']"
hakutakiwa,"['ha', 'ku', 'ta', 'ki', 'w', 'a']"
alimokuwa,"['a', 'li', 'mo', 'ku', 'w', 'a']"
alilazwa,"['a', 'li', 'la', 'la', 'zw', 'a']"
hazikuwa,"['ha', 'zi', 'ku', 'w', 'a']"
kulazwa,"['ku', 'la', 'la', 'zw', 'a']"
muziki,"['m', 'u', 'zi', 'zi', 'k', 'i']"
ailaze,"['a', 'i', 'la', 'la', 'z', 'e']"
kisiwani,"['ki', 'si', 'wa', 'n', 'i']"
sizini,"['si', 'zi', 'n', 'i']"
kupaka,"['ku', 'pa', 'k', 'a']"
kukalia,"['ku', 'ka', 'li', 'a']"
ukaazi,"['u', 'ka', 'az', 'i']"
nyaya,"['nya', 'nya', 'y', 'a']"
kilichodaiwa,"['ki', 'li', 'cho', 'dai', 'dai', 'w', 'a']"
hauna,"['ha', 'u', 'n', 'a']"
visima,"['vi', 'si', 'm', 'a']"
tusikie,"['tu', 'si', 'ki', 'e']"
hatutaki,"['ha', 'tu', 'ta', 'k', 'i']"
tumieni,"['tu', 'm', 'i', 'e', 'ni']"
zinaendana,"['zi', 'na', 'enda', 'enda', 'n', 'a']"
wanapigana,"['wa', 'na', 'piga', 'piga', 'n', 'a']"
kisima,"['ki', 'si', 'm', 'a']"
kilichokuwa,"['ki', 'li', 'cho', 'ku', 'w', 'a']"
waajiriwa,"['wa', 'ajiri', 'ajiri', 'w', 'a']"
wazima,"['wa', 'zi', 'm', 'a']"
yanatokana,"['ya', 'na', 'toka', 'toka', 'n', 'a']"
amekataa,"['a', 'me', 'kata', 'kata', 'a']"
walipigana,"['wa', 'li', 'piga', 'piga', 'n', 'a']"
kusadikika,"['ku', 'sadiki', 'sadiki', 'k', 'a']"
akikataa,"['a', 'ki', 'kata', 'kata', 'a']"
mitazamo,"['m', 'ita', 'ita', 'z', 'a', 'mo']"
kuhifadhiwa,"['ku', 'hifadhi', 'hifadhi', 'w', 'a']"
mliona,"['m', 'li', 'o', 'n', 'a']"
mkuni,"['m', 'ku', 'n', 'i']"
kuhamaki,"['ku', 'hama', 'hama', 'k', 'i']"
hawakuwa,"['ha', 'wa', 'ku', 'w', 'a']"
kuzima,"['ku', 'zi', 'm', 'a']"
tulisafirisha,"['tu', 'li', 'safiri', 'safiri', 'sh', 'a']"
ulitokana,"['u', 'li', 'toka', 'toka', 'n', 'a']"
alichomwa,"['a', 'li', 'cho', 'm', 'w', 'a']"
wamelazwa,"['wa', 'me', 'la', 'la', 'zw', 'a']"
aliyeuawa,"['a', 'li', 'ye', 'ua', 'ua', 'w', 'a']"
ulaya,"['u', 'la', 'la', 'y', 'a']"
ungeona,"['u', 'nge', 'o', 'n', 'a']"
limejaa,"['li', 'me', 'ja', 'ja', 'a']"
kizuiani,"['ki', 'zuia', 'zuia', 'n', 'i']"
alizokuwa,"['a', 'li', 'zo', 'ku', 'w', 'a']"
pasaka,"['pasa', 'pasa', 'k', 'a']"
kumuamini,"['ku', 'm', 'ua', 'ua', 'm', 'i', 'ni']"
wasirudie,"['wa', 'si', 'rudi', 'rudi', 'e']"
wamuamini,"['wa', 'm', 'ua', 'ua', 'm', 'i', 'ni']"
mwanae,"['m', 'wa', 'na', 'na', 'e']"
kulikoni,"['ku', 'li', 'ko', 'ko', 'n', 'i']"
wamekosa,"['wa', 'me', 'ko', 'ko', 's', 'a']"
watakapo,"['wa', 'ta', 'k', 'a', 'po']"
mkaazi,"['m', 'ka', 'az', 'i']"
inasadikiwa,"['i', 'na', 'sadiki', 'sadiki', 'w', 'a']"
ilikutana,"['i', 'li', 'kuta', 'kuta', 'n', 'a']"
kifaa,"['ki', 'fa', 'fa', 'a']"
wanane,"['wa', 'na', 'n', 'e']"
ilikubalika,"['i', 'li', 'kubali', 'kubali', 'k', 'a']"
aisha,"['a', 'i', 'sh', 'a']"
tuliyokuwa,"['tu', 'li', 'yo', 'ku', 'w', 'a']"
uliokuwa,"['u', 'li', 'o', 'ku', 'w', 'a']"
kipawa,"['ki', 'pa', 'w', 'a']"
tunao,"['tu', 'n', 'a', 'o']"
wamekutana,"['wa', 'me', 'kuta', 'kuta', 'n', 'a']"
wakawa,"['wa', 'ka', 'w', 'a']"
unatokana,"['u', 'na', 'toka', 'toka', 'n', 'a']"
kuachana,"['ku', 'acha', 'acha', 'n', 'a']"
wanavyofikiria,"['wa', 'na', 'vyo', 'fikiri', 'fikiri', 'a']"
hamasa,"['hama', 'hama', 's', 'a']"
lililokuwa,"['li', 'li', 'lo', 'ku', 'w', 'a']"
kisiwa,"['ki', 'si', 'w', 'a']"
hawakutaka,"['ha', 'wa', 'kuta', 'kuta', 'k', 'a']"
kiliitaka,"['ki', 'li', 'ita', 'ita', 'k', 'a']"
mnaona,"['m', 'na', 'o', 'n', 'a']"
anakubaliana,"['a', 'na', 'kubali', 'kubali', 'an', 'a']"
hawatakiwi,"['ha', 'wa', 'ta', 'ki', 'w', 'i']"
yanayotokana,"['ya', 'na', 'yo', 'toka', 'toka', 'n', 'a']"
kuzama,"['kuza', 'kuza', 'm', 'a']"
akiwamo,"['a', 'ki', 'w', 'a', 'mo']"
tutakapokutana,"['tu', 'taka', 'po', 'kuta', 'kuta', 'n', 'a']"
kiapo,"['ki', 'a', 'po']"
haitakiwi,"['ha', 'i', 'ta', 'ki', 'w', 'i']"
wanayo,"['wa', 'n', 'a', 'yo']"
linahitajika,"['li', 'na', 'hitaji', 'hitaji', 'k', 'a']"
kuwaka,"['ku', 'wa', 'k', 'a']"
kuuzima,"['ku', 'u', 'zi', 'zi', 'm', 'a']"
amelazwa,"['a', 'me', 'la', 'la', 'zw', 'a']"
mipaka,"['m', 'i', 'pa', 'pa', 'k', 'a']"
kutua,"['ku', 'tu', 'a']"
anayekubalika,"['a', 'na', 'ye', 'kubali', 'kubali', 'k', 'a']"
visiwa,"['vi', 'si', 'w', 'a']"
anakubalika,"['a', 'na', 'kubali', 'kubali', 'k', 'a']"
zilipokuwa,"['zi', 'li', 'po', 'ku', 'w', 'a']"
itakapokuwa,"['i', 'taka', 'po', 'ku', 'w', 'a']"
inayolima,"['i', 'na', 'yo', 'li', 'm', 'a']"
ukame,"['u', 'ka', 'm', 'e']"
vimekuwa,"['vi', 'me', 'ku', 'w', 'a']"
vinadaiwa,"['vi', 'na', 'dai', 'dai', 'w', 'a']"
kuuwa,"['ku', 'u', 'w', 'a']"
akana,"['a', 'ka', 'n', 'a']"
kuuawa,"['ku', 'ua', 'ua', 'w', 'a']"
kushikana,"['ku', 'shika', 'shika', 'n', 'a']"
alipokutana,"['a', 'li', 'po', 'kuta', 'kuta', 'n', 'a']"
walipokuwa,"['wa', 'li', 'po', 'ku', 'w', 'a']"
wanawania,"['wa', 'na', 'wa', 'ni', 'ni', 'a']"
kuhitajika,"['ku', 'hitaji', 'hitaji', 'k', 'a']"
ukiwa,"['u', 'ki', 'w', 'a']"
kikiwa,"['ki', 'ki', 'w', 'a']"
kichangani,"['ki', 'changa', 'changa', 'n', 'i']"
kuzikana,"['ku', 'zika', 'zika', 'n', 'a']"
kuuana,"['ku', 'u', 'an', 'a']"
kuungana,"['ku', 'unga', 'unga', 'n', 'a']"
wameona,"['wa', 'me', 'o', 'n', 'a']"
ilikubaliana,"['i', 'li', 'kubali', 'kubali', 'an', 'a']"
kushindana,"['ku', 'shinda', 'shinda', 'n', 'a']"
kuwaua,"['ku', 'wa', 'u', 'a']"
fikiria,"['fikiri', 'fikiri', 'a']"
kinyama,"['ki', 'nya', 'nya', 'm', 'a']"
mnyama,"['m', 'nya', 'nya', 'm', 'a']"
kunapokuwa,"['ku', 'na', 'po', 'ku', 'w', 'a']"
wanakubaliana,"['wa', 'na', 'kubali', 'kubali', 'an', 'a']"
auawe,"['a', 'ua', 'ua', 'w', 'e']"
takataka,"['takata', 'takata', 'k', 'a']"
kuzika,"['ku', 'zi', 'k', 'a']"
hazifai,"['ha', 'zi', 'fa', 'fa', 'i']"
kukaliwa,"['ku', 'ka', 'li', 'w', 'a']"
ataka,"['a', 'ta', 'k', 'a']"
kiini,"['ki', 'i', 'n', 'i']"
yaliyokubaliwa,"['ya', 'li', 'yo', 'kubali', 'kubali', 'w', 'a']"
ilidaiwa,"['i', 'li', 'dai', 'dai', 'w', 'a']"
vitataka,"['vi', 'tata', 'tata', 'k', 'a']"
wanaoajiriwa,"['wa', 'na', 'o', 'ajiri', 'ajiri', 'w', 'a']"
wakiwamo,"['wa', 'ki', 'w', 'a', 'mo']"
akilia,"['a', 'ki', 'li', 'a']"
tunakosa,"['tu', 'na', 'ko', 'ko', 's', 'a']"
walie,"['wa', 'li', 'e']"
aliyekosa,"['a', 'li', 'ye', 'ko', 'ko', 's', 'a']"
vilivyosalia,"['vi', 'li', 'vyo', 'sali', 'sali', 'a']"
zinahitajika,"['zi', 'na', 'hitaji', 'hitaji', 'k', 'a']"
wanapokutana,"['wa', 'na', 'po', 'kuta', 'kuta', 'n', 'a']"
aliyelazwa,"['a', 'li', 'ye', 'la', 'la', 'zw', 'a']"
kikawa,"['ki', 'ka', 'w', 'a']"
kumwamini,"['ku', 'm', 'wa', 'wa', 'm', 'i', 'ni']"
kinachosubiriwa,"['ki', 'na', 'cho', 'subiri', 'subiri', 'w', 'a']"
utakavyokuwa,"['u', 'taka', 'vyo', 'ku', 'w', 'a']"
wakutane,"['wa', 'kuta', 'kuta', 'n', 'e']"
unaitaka,"['u', 'na', 'ita', 'ita', 'k', 'a']"
kutakuwa,"['ku', 'ta', 'ku', 'w', 'a']"
yanakuwa,"['ya', 'na', 'ku', 'w', 'a']"
yanaona,"['ya', 'na', 'o', 'n', 'a']"
atakapokua,"['a', 'taka', 'po', 'ku', 'a']"
yanarudia,"['ya', 'na', 'rudi', 'rudi', 'a']"
wanamoishi,"['wa', 'na', 'mo', 'mo', 'ish', 'i']"
kuvisafirisha,"['ku', 'vi', 'safiri', 'safiri', 'sh', 'a']"
yakiwa,"['ya', 'ki', 'w', 'a']"
msichana,"['m', 'si', 'cha', 'cha', 'n', 'a']"
walizokuwa,"['wa', 'li', 'zo', 'ku', 'w', 'a']"
akawa,"['a', 'ka', 'w', 'a']"
hayakuwa,"['ha', 'ya', 'ku', 'w', 'a']"
iliuza,"['i', 'li', 'u', 'z', 'a']"
vikiwamo,"['vi', 'ki', 'w', 'a', 'mo']"
kuachiana,"['ku', 'achia', 'achia', 'n', 'a']"
kinakubalika,"['ki', 'na', 'kubali', 'kubali', 'k', 'a']"
iliyokutana,"['i', 'li', 'yo', 'kuta', 'kuta', 'n', 'a']"
yalipokuwa,"['ya', 'li', 'po', 'ku', 'w', 'a']"
minazi,"['m', 'i', 'na', 'na', 'z', 'i']"
migombani,"['m', 'i', 'gomba', 'gomba', 'n', 'i']"
kiwalani,"['ki', 'wa', 'la', 'la', 'n', 'i']"
halikuwa,"['ha', 'li', 'ku', 'w', 'a']"
kitakuwa,"['ki', 'ta', 'ku', 'w', 'a']"
kichaka,"['ki', 'cha', 'cha', 'k', 'a']"
mjane,"['m', 'ja', 'ja', 'n', 'e']"
aliamini,"['a', 'lia', 'lia', 'm', 'i', 'ni']"
wataungana,"['wa', 'ta', 'unga', 'unga', 'n', 'a']"
kujifurahisha,"['ku', 'ji', 'furahi', 'furahi', 'sh', 'a']"
yatakosa,"['ya', 'ta', 'ko', 'ko', 's', 'a']"
kuitaka,"['ku', 'ita', 'ita', 'k', 'a']"
aliongozana,"['a', 'li', 'ongoza', 'ongoza', 'n', 'a']"
alibadilisha,"['a', 'li', 'badili', 'badili', 'sh', 'a']"
tumechoka,"['tu', 'me', 'cho', 'k', 'a']"
kilaza,"['ki', 'la', 'la', 'z', 'a']"
walishikana,"['wa', 'li', 'shika', 'shika', 'n', 'a']"
waonane,"['wa', 'ona', 'ona', 'n', 'e']"
adaiwa,"['a', 'dai', 'dai', 'w', 'a']"
mnamo,"['m', 'n', 'a', 'mo']"
asilia,"['a', 'si', 'li', 'a']"
kudaiwa,"['ku', 'dai', 'dai', 'w', 'a']"
watakaokuwa,"['wa', 'taka', 'o', 'ku', 'w', 'a']"
uzima,"['u', 'zi', 'm', 'a']"
kuuziana,"['ku', 'u', 'zi', 'zi', 'an', 'a']"
mnazi,"['m', 'na', 'z', 'i']"
mosha,"['mo', 'mo', 'sh', 'a']"
alikana,"['a', 'lika', 'lika', 'n', 'a']"
zilizotokana,"['zi', 'li', 'zo', 'toka', 'toka', 'n', 'a']"
inayotokana,"['i', 'na', 'yo', 'toka', 'toka', 'n', 'a']"
unaotokana,"['u', 'na', 'o', 'toka', 'toka', 'n', 'a']"
hawaaminiani,"['ha', 'wa', 'amini', 'amini', 'an', 'i']"
kuigawa,"['ku', 'iga', 'iga', 'w', 'a']"
zinatokana,"['zi', 'na', 'toka', 'toka', 'n', 'a']"
ameajiriwa,"['a', 'me', 'ajiri', 'ajiri', 'w', 'a']"
kufanyiana,"['ku', 'fanyia', 'fanyia', 'n', 'a']"
kukubalika,"['ku', 'kubali', 'kubali', 'k', 'a']"
kukodisha,"['ku', 'kodi', 'kodi', 'sh', 'a']"
wanaohitajika,"['wa', 'na', 'o', 'hitaji', 'hitaji', 'k', 'a']"
iliona,"['i', 'li', 'o', 'n', 'a']"
vitokanavyo,"['vi', 'toka', 'toka', 'n', 'a', 'vyo']"
waliitaka,"['wa', 'li', 'ita', 'ita', 'k', 'a']"
ukiwamo,"['u', 'ki', 'w', 'a', 'mo']"
kubadilika,"['ku', 'badili', 'badili', 'k', 'a']"
wanachotaka,"['wa', 'na', 'chota', 'chota', 'k', 'a']"
kuwania,"['ku', 'wa', 'ni', 'ni', 'a']"
haitaki,"['ha', 'i', 'ta', 'k', 'i']"
anaungana,"['a', 'na', 'unga', 'unga', 'n', 'a']"
wanaume,"['wa', 'na', 'u', 'm', 'e']"
kulewa,"['ku', 'lew', 'a']"
ipasavyo,"['i', 'pa', 's', 'a', 'vyo']"
hawatakuwa,"['ha', 'wa', 'ta', 'ku', 'w', 'a']"
kulirudisha,"['ku', 'li', 'rudi', 'rudi', 'sh', 'a']"
walikaa,"['wa', 'lika', 'lika', 'a']"
wakaona,"['wa', 'ka', 'o', 'n', 'a']"
wazawa,"['waza', 'waza', 'w', 'a']"
tunachotaka,"['tu', 'na', 'chota', 'chota', 'k', 'a']"
wakidaiwa,"['wa', 'ki', 'dai', 'dai', 'w', 'a']"
wanaosadikiwa,"['wa', 'na', 'o', 'sadiki', 'sadiki', 'w', 'a']"
tulipokuwa,"['tu', 'li', 'po', 'ku', 'w', 'a']"
tungekuwa,"['tu', 'nge', 'ku', 'w', 'a']"
wanaofikiria,"['wa', 'na', 'o', 'fikiri', 'fikiri', 'a']"
wangekuwa,"['wa', 'nge', 'ku', 'w', 'a']"
zinauzwa,"['zi', 'na', 'u', 'zw', 'a']"
tunaona,"['tu', 'na', 'o', 'n', 'a']"
walioitaka,"['wa', 'li', 'o', 'ita', 'ita', 'k', 'a']"
uliojaa,"['u', 'li', 'o', 'ja', 'ja', 'a']"
kukiuka,"['ku', 'ki', 'uk', 'a']"
aliyekataa,"['a', 'li', 'ye', 'kata', 'kata', 'a']"
wanakiuka,"['wa', 'na', 'ki', 'uk', 'a']"
waliona,"['wa', 'li', 'o', 'n', 'a']"
mwake,"['m', 'wa', 'k', 'e']"
hayatakuwa,"['ha', 'ya', 'ta', 'ku', 'w', 'a']"
aliitaka,"['a', 'li', 'ita', 'ita', 'k', 'a']"
kutatuliwa,"['ku', 'ta', 'tu', 'liw', 'a']"
inakosa,"['i', 'na', 'ko', 'ko', 's', 'a']"
unaona,"['u', 'na', 'o', 'n', 'a']"
iliyojaa,"['i', 'li', 'yo', 'ja', 'ja', 'a']"
yaliyotokana,"['ya', 'li', 'yo', 'toka', 'toka', 'n', 'a']"
akaona,"['a', 'ka', 'o', 'n', 'a']"
watavaana,"['wa', 'ta', 'vaa', 'vaa', 'n', 'a']"
alimkosa,"['a', 'li', 'm', 'ko', 'ko', 's', 'a']"
mwana,"['m', 'wa', 'n', 'a']"
anakuwa,"['a', 'na', 'ku', 'w', 'a']"
mizizi,"['m', 'i', 'zi', 'zi', 'z', 'i']"
yatokanayo,"['ya', 'toka', 'toka', 'n', 'a', 'yo']"
ziuzwe,"['zi', 'u', 'zw', 'e']"
zitakazouzwa,"['zi', 'taka', 'zo', 'u', 'zw', 'a']"
zitauzwa,"['zi', 'ta', 'u', 'zw', 'a']"
waliokaa,"['wa', 'li', 'oka', 'oka', 'a']"
kuishia,"['ku', 'ishi', 'ishi', 'a']"
wamejaa,"['wa', 'me', 'ja', 'ja', 'a']"
wakae,"['wa', 'ka', 'e']"
walivyokuwa,"['wa', 'li', 'vyo', 'ku', 'w', 'a']"
kutokaa,"['ku', 'toka', 'toka', 'a']"
kuaminiana,"['ku', 'amini', 'amini', 'an', 'a']"
ilikuwapo,"['i', 'li', 'ku', 'w', 'a', 'po']"
haitaishia,"['ha', 'i', 'ta', 'ishi', 'ishi', 'a']"
tunaye,"['tu', 'na', 'y', 'e']"
mwasisi,"['m', 'wa', 'si', 'si', 's', 'i']"
kuishiwa,"['ku', 'ishi', 'ishi', 'w', 'a']"
uliotokana,"['u', 'li', 'o', 'toka', 'toka', 'n', 'a']"
kichaa,"['ki', 'cha', 'cha', 'a']"
nyama,"['nya', 'nya', 'm', 'a']"
mipakani,"['m', 'i', 'pa', 'pa', 'k', 'a', 'ni']"
kunahitajika,"['ku', 'na', 'hitaji', 'hitaji', 'k', 'a']"
linakuwa,"['li', 'na', 'ku', 'w', 'a']"
mushi,"['m', 'u', 'sh', 'i']"
hakubaliani,"['ha', 'kubali', 'kubali', 'an', 'i']"
ikisubiriwa,"['i', 'ki', 'subiri', 'subiri', 'w', 'a']"
iliitaka,"['i', 'li', 'ita', 'ita', 'k', 'a']"
kukubaliwa,"['ku', 'kubali', 'kubali', 'w', 'a']"
kurudia,"['ku', 'rudi', 'rudi', 'a']"
inakubaliana,"['i', 'na', 'kubali', 'kubali', 'an', 'a']"
inauzwa,"['i', 'na', 'u', 'zw', 'a']"
inayodaiwa,"['i', 'na', 'yo', 'dai', 'dai', 'w', 'a']"
kubakia,"['ku', 'baki', 'baki', 'a']"
walilazwa,"['wa', 'li', 'la', 'la', 'zw', 'a']"
yanayokiuka,"['ya', 'na', 'yo', 'ki', 'uk', 'a']"
tumeona,"['tu', 'me', 'o', 'n', 'a']"
kiinimacho,"['ki', 'i', 'ni', 'ni', 'm', 'a', 'cho']"
imekiuka,"['i', 'me', 'ki', 'uk', 'a']"
waliotaka,"['wa', 'li', 'ota', 'ota', 'k', 'a']"
mshindani,"['m', 'shinda', 'shinda', 'n', 'i']"
haitakuwa,"['ha', 'i', 'ta', 'ku', 'w', 'a']"
iishe,"['i', 'i', 'sh', 'e']"
washindani,"['wa', 'shinda', 'shinda', 'n', 'i']"
waliouawa,"['wa', 'li', 'o', 'ua', 'ua', 'w', 'a']"
kujikosha,"['ku', 'ji', 'ko', 'ko', 'sh', 'a']"
walikiuka,"['wa', 'li', 'ki', 'uk', 'a']"
anayo,"['a', 'n', 'a', 'yo']"
atakayekuwa,"['a', 'taka', 'ye', 'ku', 'w', 'a']"
vinavyotokana,"['vi', 'na', 'vyo', 'toka', 'toka', 'n', 'a']"
machoni,"['m', 'a', 'cho', 'ni']"
akakutana,"['a', 'ka', 'kuta', 'kuta', 'n', 'a']"
kumweka,"['ku', 'mw', 'ek', 'a']"
akaangalie,"['a', 'kaanga', 'kaanga', 'li', 'e']"
imekataa,"['i', 'me', 'kata', 'kata', 'a']"
wamekataa,"['wa', 'me', 'kata', 'kata', 'a']"
vinavyoishi,"['vi', 'na', 'vyo', 'i', 'sh', 'i']"
wanasadikiwa,"['wa', 'na', 'sadiki', 'sadiki', 'w', 'a']"
tunayo,"['tu', 'n', 'a', 'yo']"
watusi,"['wa', 'tu', 's', 'i']"
alikubaliana,"['a', 'li', 'kubali', 'kubali', 'an', 'a']"
alizidiwa,"['a', 'li', 'zidi', 'zidi', 'w', 'a']"
hapakuwa,"['ha', 'pa', 'ku', 'w', 'a']"
ujana,"['u', 'ja', 'ja', 'n', 'a']"
wanaoaminika,"['wa', 'na', 'o', 'amini', 'amini', 'k', 'a']"
wakakutana,"['wa', 'ka', 'kuta', 'kuta', 'n', 'a']"
tunalia,"['tu', 'na', 'li', 'a']"
waondokane,"['wa', 'ondoka', 'ondoka', 'n', 'e']"
wataonana,"['wa', 'ta', 'ona', 'ona', 'n', 'a']"
wanaolima,"['wa', 'na', 'o', 'li', 'm', 'a']"
kugongana,"['ku', 'gonga', 'gonga', 'n', 'a']"
alipoishiwa,"['a', 'li', 'po', 'ishi', 'ishi', 'w', 'a']"
inapokuwa,"['i', 'na', 'po', 'ku', 'w', 'a']"
anapokuwa,"['a', 'na', 'po', 'ku', 'w', 'a']"
muwazi,"['m', 'u', 'wa', 'wa', 'z', 'i']"
kuuziwa,"['ku', 'u', 'zi', 'zi', 'w', 'a']"
alikutana,"['a', 'li', 'kuta', 'kuta', 'n', 'a']"
inavyodaiwa,"['i', 'na', 'vyo', 'dai', 'dai', 'w', 'a']"
zinazo,"['zi', 'n', 'a', 'zo']"
unachotaka,"['u', 'na', 'chota', 'chota', 'k', 'a']"
liligongana,"['li', 'li', 'gonga', 'gonga', 'n', 'a']"
kuondokana,"['ku', 'ondoka', 'ondoka', 'n', 'a']"
yanauzwa,"['ya', 'na', 'u', 'zw', 'a']"
linauzwa,"['li', 'na', 'u', 'zw', 'a']"
liliuzwa,"['li', 'li', 'u', 'zw', 'a']"
kizamani,"['ki', 'zama', 'zama', 'n', 'i']"
hayana,"['ha', 'ya', 'n', 'a']"
aliye,"['a', 'li', 'y', 'e']"
zikiisha,"['zi', 'ki', 'ish', 'a']"
kuoana,"['ku', 'oa', 'oa', 'n', 'a']"
asiwe,"['a', 'si', 'w', 'e']"
waliokulia,"['wa', 'li', 'o', 'ku', 'li', 'a']"
walikataa,"['wa', 'li', 'kata', 'kata', 'a']"
wanaofaa,"['wa', 'na', 'o', 'fa', 'fa', 'a']"
mpaya,"['m', 'pa', 'y', 'a']"
aliona,"['a', 'li', 'o', 'n', 'a']"
uliona,"['u', 'li', 'o', 'n', 'a']"
mshtakiwa,"['m', 'shtaki', 'shtaki', 'w', 'a']"
zitakapoisha,"['zi', 'taka', 'po', 'i', 'sh', 'a']"
wakubaliane,"['wa', 'kubali', 'kubali', 'an', 'e']"
kizani,"['ki', 'z', 'a', 'ni']"
lilitokana,"['li', 'li', 'toka', 'toka', 'n', 'a']"
kuviziana,"['ku', 'vi', 'zi', 'zi', 'an', 'a']"
mchawi,"['m', 'cha', 'cha', 'w', 'i']"
haikuishia,"['ha', 'i', 'ku', 'ishi', 'ishi', 'a']"
kunawa,"['ku', 'na', 'w', 'a']"
haitabadilisha,"['ha', 'i', 'ta', 'badili', 'badili', 'sh', 'a']"
kumzika,"['ku', 'm', 'zi', 'zi', 'k', 'a']"
inayo,"['i', 'n', 'a', 'yo']"
unadaiwa,"['u', 'na', 'dai', 'dai', 'w', 'a']"
angalieni,"['a', 'ngali', 'e', 'ni']"
akiitaka,"['a', 'ki', 'ita', 'ita', 'k', 'a']"
hayaendani,"['ha', 'ya', 'enda', 'enda', 'n', 'i']"
waishi,"['wa', 'i', 'sh', 'i']"
palikuwa,"['pa', 'li', 'ku', 'w', 'a']"
kuzirudisha,"['ku', 'zi', 'rudi', 'rudi', 'sh', 'a']"
liwalo,"['li', 'w', 'a', 'lo']"
mombasa,"['m', 'omba', 'omba', 's', 'a']"
kufikiria,"['ku', 'fikiri', 'fikiri', 'a']"
kinamna,"['ki', 'na', 'm', 'n', 'a']"
vinavyohitajika,"['vi', 'na', 'vyo', 'hitaji', 'hitaji', 'k', 'a']"
anahitajika,"['a', 'na', 'hitaji', 'hitaji', 'k', 'a']"
tukae,"['tu', 'ka', 'e']"
ameuawa,"['a', 'me', 'ua', 'ua', 'w', 'a']"
sikuamini,"['si', 'kua', 'kua', 'm', 'i', 'ni']"
ulimi,"['u', 'li', 'm', 'i']"
inakutana,"['i', 'na', 'kuta', 'kuta', 'n', 'a']"
italia,"['i', 'ta', 'li', 'a']"
alichokuwa,"['a', 'li', 'cho', 'ku', 'w', 'a']"
utaisha,"['u', 'ta', 'i', 'sh', 'a']"
inavyodhaniwa,"['i', 'na', 'vyo', 'dhani', 'dhani', 'w', 'a']"
wataajiriwa,"['wa', 'ta', 'ajiri', 'ajiri', 'w', 'a']"
badilika,"['badili', 'badili', 'k', 'a']"
kuvizia,"['ku', 'vi', 'zi', 'zi', 'a']"
kuzaa,"['kuza', 'kuza', 'a']"
waliyokuwa,"['wa', 'li', 'yo', 'ku', 'w', 'a']"
hatukuwa,"['ha', 'tu', 'ku', 'w', 'a']"
yakawa,"['ya', 'ka', 'w', 'a']"
tunakutana,"['tu', 'na', 'kuta', 'kuta', 'n', 'a']"
kushawishika,"['ku', 'shawishi', 'shawishi', 'k', 'a']"
silivia,"['si', 'li', 'vi', 'vi', 'a']"
anayesadikiwa,"['a', 'na', 'ye', 'sadiki', 'sadiki', 'w', 'a']"
aishi,"['a', 'i', 'sh', 'i']"
anayeishi,"['a', 'na', 'ye', 'i', 'sh', 'i']"
inahitajika,"['i', 'na', 'hitaji', 'hitaji', 'k', 'a']"
yasiwe,"['ya', 'si', 'w', 'e']"
waliolazwa,"['wa', 'li', 'o', 'la', 'la', 'zw', 'a']"
wataka,"['wa', 'ta', 'k', 'a']"
kulindana,"['ku', 'linda', 'linda', 'n', 'a']"
kumkatalia,"['ku', 'm', 'kata', 'kata', 'li', 'a']"
ikubalike,"['i', 'kubali', 'kubali', 'k', 'e']"
kiushindani,"['ki', 'u', 'shinda', 'shinda', 'n', 'i']"
kuuzika,"['ku', 'u', 'zi', 'zi', 'k', 'a']"
imehifadhiwa,"['i', 'me', 'hifadhi', 'hifadhi', 'w', 'a']"
jamani,"['ja', 'ja', 'm', 'a', 'ni']"
wapania,"['wa', 'pa', 'ni', 'ni', 'a']"
litakuwa,"['li', 'ta', 'ku', 'w', 'a']"
wanazoishi,"['wa', 'na', 'zo', 'i', 'sh', 'i']"
anaishi,"['a', 'na', 'i', 'sh', 'i']"
watume,"['wa', 'tu', 'm', 'e']"
yalidaiwa,"['ya', 'li', 'dai', 'dai', 'w', 'a']"
umeona,"['u', 'me', 'o', 'n', 'a']"
utakubaliana,"['u', 'ta', 'kubali', 'kubali', 'an', 'a']"
iliyotokana,"['i', 'li', 'yo', 'toka', 'toka', 'n', 'a']"
kupaki,"['ku', 'pa', 'k', 'i']"
kufurahisha,"['ku', 'furahi', 'furahi', 'sh', 'a']"
yadaiwa,"['ya', 'dai', 'dai', 'w', 'a']"
atataka,"['a', 'tata', 'tata', 'k', 'a']"
utatokana,"['u', 'ta', 'toka', 'toka', 'n', 'a']"
auaye,"['a', 'ua', 'ua', 'y', 'e']"
wauawe,"['wa', 'ua', 'ua', 'w', 'e']"
kimkoa,"['ki', 'm', 'ko', 'ko', 'a']"
aliuawa,"['a', 'li', 'ua', 'ua', 'w', 'a']"
wanaoua,"['wa', 'na', 'o', 'u', 'a']"
kuwanasa,"['ku', 'wa', 'na', 'na', 's', 'a']"
walilaani,"['wa', 'li', 'la', 'la', 'an', 'i']"
tuungane,"['tu', 'unga', 'unga', 'n', 'e']"
itatua,"['i', 'ta', 'tu', 'a']"
itakayokuwa,"['i', 'taka', 'yo', 'ku', 'w', 'a']"
vitakuwa,"['vi', 'ta', 'ku', 'w', 'a']"
zimeisha,"['zi', 'me', 'i', 'sh', 'a']"
kutawaliwa,"['ku', 'ta', 'wa', 'liw', 'a']"
linalomikiwa,"['li', 'na', 'lo', 'm', 'ikiw', 'a']"
linalosadikiwa,"['li', 'na', 'lo', 'sadiki', 'sadiki', 'w', 'a']"
unaohitajika,"['u', 'na', 'o', 'hitaji', 'hitaji', 'k', 'a']"
zitakuwa,"['zi', 'ta', 'ku', 'w', 'a']"
kupigana,"['ku', 'piga', 'piga', 'n', 'a']"
akuwa,"['a', 'ku', 'w', 'a']"
kutwangana,"['ku', 'twanga', 'twanga', 'n', 'a']"
linalodaiwa,"['li', 'na', 'lo', 'dai', 'dai', 'w', 'a']"
kuliona,"['ku', 'li', 'o', 'n', 'a']"
kulaza,"['ku', 'la', 'la', 'z', 'a']"
kumlaza,"['ku', 'm', 'la', 'la', 'z', 'a']"
zilizojaa,"['zi', 'li', 'zo', 'ja', 'ja', 'a']"
wamedaiwa,"['wa', 'me', 'dai', 'dai', 'w', 'a']"
kunatokana,"['ku', 'na', 'toka', 'toka', 'n', 'a']"
aliungana,"['a', 'li', 'unga', 'unga', 'n', 'a']"
hatakiwi,"['ha', 'ta', 'ki', 'w', 'i']"
unahitajika,"['u', 'na', 'hitaji', 'hitaji', 'k', 'a']"
inapokutana,"['i', 'na', 'po', 'kuta', 'kuta', 'n', 'a']"
tutakutana,"['tu', 'ta', 'kuta', 'kuta', 'n', 'a']"
imesalia,"['i', 'me', 'sali', 'sali', 'a']"
kuendana,"['ku', 'enda', 'enda', 'n', 'a']"
waliuawa,"['wa', 'li', 'ua', 'ua', 'w', 'a']"
zinazodaiwa,"['zi', 'na', 'zo', 'dai', 'dai', 'w', 'a']"
amekutana,"['a', 'me', 'kuta', 'kuta', 'n', 'a']"
haifai,"['ha', 'i', 'fa', 'fa', 'i']"
mnyaa,"['m', 'nya', 'nya', 'a']"
mapana,"['m', 'apa', 'apa', 'n', 'a']"
kulisha,"['ku', 'li', 'sh', 'a']"
kuzidisha,"['ku', 'zidi', 'zidi', 'sh', 'a']"
watakapokuwa,"['wa', 'taka', 'po', 'ku', 'w', 'a']"
kukana,"['ku', 'ka', 'n', 'a']"
imejaa,"['i', 'me', 'ja', 'ja', 'a']"
aonane,"['a', 'ona', 'ona', 'n', 'e']"
kabaka,"['kaba', 'kaba', 'k', 'a']"
msika,"['m', 'si', 'k', 'a']"
yamejaa,"['ya', 'me', 'ja', 'ja', 'a']"
kutoamini,"['ku', 'toa', 'toa', 'm', 'i', 'ni']"
walikutana,"['wa', 'li', 'kuta', 'kuta', 'n', 'a']"
tuliokuwa,"['tu', 'li', 'o', 'ku', 'w', 'a']"
patakuwa,"['pa', 'ta', 'ku', 'w', 'a']"
ziwani,"['zi', 'wa', 'n', 'i']"
walilokuwa,"['wa', 'li', 'lo', 'ku', 'w', 'a']"
msituni,"['m', 'si', 'tu', 'n', 'i']"
minane,"['m', 'i', 'na', 'na', 'n', 'e']"
umeisha,"['u', 'me', 'i', 'sh', 'a']"
ilizokuwa,"['i', 'li', 'zo', 'ku', 'w', 'a']"
yatakiwa,"['ya', 'ta', 'ki', 'w', 'a']"
imekutana,"['i', 'me', 'kuta', 'kuta', 'n', 'a']"
wawazi,"['wa', 'wa', 'z', 'i']"
wakaangalie,"['wa', 'kaanga', 'kaanga', 'li', 'e']"
unakuwa,"['u', 'na', 'ku', 'w', 'a']"
maini,"['m', 'a', 'i', 'ni']"
wasitake,"['wa', 'sita', 'sita', 'k', 'e']"
mkiwa,"['m', 'ki', 'w', 'a']"
wanapoishi,"['wa', 'na', 'po', 'i', 'sh', 'i']"
unyama,"['u', 'nya', 'nya', 'm', 'a']"
zitakazo,"['zi', 'ta', 'k', 'a', 'zo']"
kumalizana,"['ku', 'maliza', 'maliza', 'n', 'a']"
walilia,"['wa', 'li', 'li', 'a']"
aliwai,"['a', 'li', 'wa', 'i']"
wamechoka,"['wa', 'me', 'cho', 'k', 'a']"
anafaa,"['a', 'na', 'fa', 'fa', 'a']"
wasiliana,"['wa', 'si', 'li', 'an', 'a']"
zilikubaliana,"['zi', 'li', 'kubali', 'kubali', 'an', 'a']"
laana,"['la', 'la', 'an', 'a']"
aliokolewa,"['a', 'li', 'o', 'ko', 'ko', 'lew', 'a']"
yaliyobakia,"['ya', 'li', 'yo', 'baki', 'baki', 'a']"
walizima,"['wa', 'li', 'zi', 'm', 'a']"
walituma,"['wa', 'li', 'tu', 'm', 'a']"
itawaka,"['i', 'ta', 'wa', 'k', 'a']"
wamepona,"['wa', 'me', 'po', 'n', 'a']"
mwanaye,"['m', 'wa', 'na', 'na', 'y', 'e']"
azima,"['a', 'zi', 'm', 'a']"
makaa,"['m', 'aka', 'aka', 'a']"
halifai,"['ha', 'li', 'fa', 'fa', 'i']"
haitakii,"['ha', 'i', 'ta', 'ki', 'i']"
inaaminika,"['i', 'na', 'amini', 'amini', 'k', 'a']"
wataoa,"['wa', 'ta', 'o', 'a']"
ilikataliwa,"['i', 'li', 'kata', 'kata', 'liw', 'a']"
kilichokaa,"['ki', 'li', 'choka', 'choka', 'a']"
vimeuzwa,"['vi', 'me', 'u', 'zw', 'a']"
dakawa,"['daka', 'daka', 'w', 'a']"
kuhifadhia,"['ku', 'hifadhi', 'hifadhi', 'a']"
kuogopana,"['ku', 'ogopa', 'ogopa', 'n', 'a']"
kuirudisha,"['ku', 'i', 'rudi', 'rudi', 'sh', 'a']"
wanavyoishi,"['wa', 'na', 'vyo', 'i', 'sh', 'i']"
unasubiriwa,"['u', 'na', 'subiri', 'subiri', 'w', 'a']"
aitwaye,"['a', 'itwa', 'itwa', 'y', 'e']"
linaona,"['li', 'na', 'o', 'n', 'a']"
limeisha,"['li', 'me', 'i', 'sh', 'a']"
iliyosalia,"['i', 'li', 'yo', 'sali', 'sali', 'a']"
kuitana,"['ku', 'ita', 'ita', 'n', 'a']"
zimetokana,"['zi', 'me', 'toka', 'toka', 'n', 'a']"
kumkataa,"['ku', 'm', 'kata', 'kata', 'a']"
walimvika,"['wa', 'li', 'm', 'vi', 'vi', 'k', 'a']"
kinadaiwa,"['ki', 'na', 'dai', 'dai', 'w', 'a']"
kimei,"['ki', 'me', 'i']"
akiongozana,"['a', 'ki', 'ongoza', 'ongoza', 'n', 'a']"
kusalimiana,"['ku', 'salimia', 'salimia', 'n', 'a']"
kuvutana,"['ku', 'vuta', 'vuta', 'n', 'a']"
itakutana,"['i', 'ta', 'kuta', 'kuta', 'n', 'a']"
kujiua,"['ku', 'ji', 'u', 'a']"
wataishia,"['wa', 'ta', 'ishi', 'ishi', 'a']"
tunakuwa,"['tu', 'na', 'ku', 'w', 'a']"
anawania,"['a', 'na', 'wa', 'ni', 'ni', 'a']"
anayekuwa,"['a', 'na', 'ye', 'ku', 'w', 'a']"
kitakachokuwa,"['ki', 'taka', 'cho', 'ku', 'w', 'a']"
atakutana,"['a', 'ta', 'kuta', 'kuta', 'n', 'a']"
inayofaa,"['i', 'na', 'yo', 'fa', 'fa', 'a']"
kusafiria,"['ku', 'safiri', 'safiri', 'a']"
kuwakataza,"['ku', 'wa', 'kata', 'kata', 'z', 'a']"
anachotaka,"['a', 'na', 'chota', 'chota', 'k', 'a']"
yaliyosalia,"['ya', 'li', 'yo', 'sali', 'sali', 'a']"
imetulia,"['i', 'me', 'tu', 'li', 'a']"
zinazopingana,"['zi', 'na', 'zo', 'pinga', 'pinga', 'n', 'a']"
waliobakia,"['wa', 'li', 'o', 'baki', 'baki', 'a']"
unakaribiana,"['u', 'na', 'karibia', 'karibia', 'n', 'a']"
asamehewe,"['a', 'samehe', 'samehe', 'w', 'e']"
ilikiuka,"['i', 'li', 'ki', 'uk', 'a']"
wamezima,"['wa', 'me', 'zi', 'm', 'a']"
kinachosadikiwa,"['ki', 'na', 'cho', 'sadiki', 'sadiki', 'w', 'a']"
asilimi,"['a', 'si', 'li', 'm', 'i']"
likiwamo,"['li', 'ki', 'w', 'a', 'mo']"
inapingana,"['i', 'na', 'pinga', 'pinga', 'n', 'a']"
haijatulia,"['ha', 'i', 'ja', 'tu', 'li', 'a']"
wakakosa,"['wa', 'ka', 'ko', 'ko', 's', 'a']"
ulivyokuwa,"['u', 'li', 'vyo', 'ku', 'w', 'a']"
machame,"['m', 'acha', 'acha', 'm', 'e']"
kuuzia,"['ku', 'u', 'zi', 'zi', 'a']"
waliosalia,"['wa', 'li', 'o', 'sali', 'sali', 'a']"
halijaisha,"['ha', 'li', 'ja', 'i', 'sh', 'a']"
unaokubalika,"['u', 'na', 'o', 'kubali', 'kubali', 'k', 'a']"
tukiwa,"['tu', 'ki', 'w', 'a']"
tukawa,"['tu', 'ka', 'w', 'a']"
wasilime,"['wa', 'si', 'li', 'm', 'e']"
wameishi,"['wa', 'me', 'i', 'sh', 'i']"
kulimia,"['ku', 'li', 'm', 'i', 'a']"
kulimwa,"['ku', 'li', 'm', 'w', 'a']"
amedaiwa,"['a', 'me', 'dai', 'dai', 'w', 'a']"
ikiishia,"['i', 'ki', 'ishi', 'ishi', 'a']"
wanapokuwa,"['wa', 'na', 'po', 'ku', 'w', 'a']"
likijaa,"['li', 'ki', 'ja', 'ja', 'a']"
kujazwa,"['ku', 'ja', 'ja', 'zw', 'a']"
wakishikana,"['wa', 'ki', 'shika', 'shika', 'n', 'a']"
kijani,"['ki', 'ja', 'ja', 'n', 'i']"
zitokanazo,"['zi', 'toka', 'toka', 'n', 'a', 'zo']"
kusamehewa,"['ku', 'samehe', 'samehe', 'w', 'a']"
inayoendana,"['i', 'na', 'yo', 'enda', 'enda', 'n', 'a']"
tutakaa,"['tu', 'taka', 'a']"
kuukosa,"['ku', 'u', 'ko', 'ko', 's', 'a']"
tulikutana,"['tu', 'li', 'kuta', 'kuta', 'n', 'a']"
alikokuwa,"['a', 'li', 'ko', 'ku', 'w', 'a']"
amekosa,"['a', 'me', 'ko', 'ko', 's', 'a']"
aziza,"['a', 'zi', 'z', 'a']"
anauza,"['a', 'na', 'u', 'z', 'a']"
waliyokubaliana,"['wa', 'li', 'yo', 'kubali', 'kubali', 'an', 'a']"
aliyetuma,"['a', 'li', 'ye', 'tu', 'm', 'a']"
aliishi,"['a', 'li', 'i', 'sh', 'i']"
kimiani,"['ki', 'm', 'i', 'a', 'ni']"
ajizi,"['a', 'ji', 'z', 'i']"
ametuma,"['a', 'me', 'tu', 'm', 'a']"
inayosadikiwa,"['i', 'na', 'yo', 'sadiki', 'sadiki', 'w', 'a']"
hamza,"['ha', 'm', 'z', 'a']"
kimeitaka,"['ki', 'me', 'ita', 'ita', 'k', 'a']"
zimeliwa,"['zi', 'me', 'li', 'w', 'a']"
wataliwa,"['wa', 'ta', 'li', 'w', 'a']"
kutiliana,"['ku', 'tilia', 'tilia', 'n', 'a']"
wanawe,"['wa', 'na', 'w', 'e']"
itakaa,"['i', 'taka', 'a']"
wakina,"['wa', 'ki', 'n', 'a']"
kuilaani,"['ku', 'i', 'la', 'la', 'an', 'i']"
unakoma,"['u', 'na', 'ko', 'ko', 'm', 'a']"
wabadilike,"['wa', 'badili', 'badili', 'k', 'e']"
wakisafiria,"['wa', 'ki', 'safiri', 'safiri', 'a']"
anasadikiwa,"['a', 'na', 'sadiki', 'sadiki', 'w', 'a']"
kumnasa,"['ku', 'm', 'na', 'na', 's', 'a']"
unaoishia,"['u', 'na', 'o', 'ishi', 'ishi', 'a']"
zilizouzwa,"['zi', 'li', 'zo', 'u', 'zw', 'a']"
kumetokana,"['ku', 'me', 'toka', 'toka', 'n', 'a']"
kujaa,"['ku', 'ja', 'ja', 'a']"
mtasiwa,"['m', 'ta', 'si', 'si', 'w', 'a']"
zimesalia,"['zi', 'me', 'sali', 'sali', 'a']"
wanaokiuka,"['wa', 'na', 'o', 'ki', 'uk', 'a']"
wamezoea,"['wa', 'me', 'zo', 'e', 'a']"
wanaokaa,"['wa', 'na', 'oka', 'oka', 'a']"
hakukubaliana,"['ha', 'ku', 'kubali', 'kubali', 'an', 'a']"
alizomewa,"['a', 'li', 'zo', 'm', 'ew', 'a']"
haijaisha,"['ha', 'i', 'ja', 'i', 'sh', 'a']"
yasini,"['ya', 'si', 'n', 'i']"
hutokana,"['hu', 'toka', 'toka', 'n', 'a']"
ilibadilika,"['i', 'li', 'badili', 'badili', 'k', 'a']"
halaiki,"['ha', 'la', 'la', 'ik', 'i']"
waliokolewa,"['wa', 'li', 'o', 'ko', 'ko', 'lew', 'a']"
wakabaki,"['wa', 'kaba', 'kaba', 'k', 'i']"
kiimani,"['ki', 'i', 'm', 'a', 'ni']"
ziliuzwa,"['zi', 'li', 'u', 'zw', 'a']"
iliuzwa,"['i', 'li', 'u', 'zw', 'a']"
kitakutana,"['ki', 'ta', 'kuta', 'kuta', 'n', 'a']"
zinazouzwa,"['zi', 'na', 'zo', 'u', 'zw', 'a']"
inayouzwa,"['i', 'na', 'yo', 'u', 'zw', 'a']"
ameungana,"['a', 'me', 'unga', 'unga', 'n', 'a']"
kuwakataa,"['ku', 'wa', 'kata', 'kata', 'a']"
hukosa,"['hu', 'ko', 'ko', 's', 'a']"
wanao,"['wa', 'n', 'a', 'o']"
kumejaa,"['ku', 'me', 'ja', 'ja', 'a']"
tunayoishi,"['tu', 'na', 'yo', 'i', 'sh', 'i']"
waliozaliwa,"['wa', 'li', 'oza', 'oza', 'liw', 'a']"
kiliani,"['ki', 'li', 'an', 'i']"
wamehifadhiwa,"['wa', 'me', 'hifadhi', 'hifadhi', 'w', 'a']"
wajane,"['wa', 'ja', 'ja', 'n', 'e']"
ameongozana,"['a', 'me', 'ongoza', 'ongoza', 'n', 'a']"
vichwani,"['vi', 'chwa', 'chwa', 'n', 'i']"
wanase,"['wa', 'na', 's', 'e']"
kutapakaa,"['ku', 'ta', 'paka', 'paka', 'a']"
kupotezana,"['ku', 'poteza', 'poteza', 'n', 'a']"
kilipokuwa,"['ki', 'li', 'po', 'ku', 'w', 'a']"
akikutana,"['a', 'ki', 'kuta', 'kuta', 'n', 'a']"
hakukua,"['ha', 'ku', 'ku', 'a']"
azizi,"['a', 'zi', 'z', 'i']"
wanaimani,"['wa', 'na', 'i', 'm', 'a', 'ni']"
kusiwe,"['ku', 'si', 'w', 'e']"
kukawa,"['ku', 'ka', 'w', 'a']"
kupashana,"['ku', 'pa', 'shan', 'a']"
alipolazwa,"['a', 'li', 'po', 'la', 'la', 'zw', 'a']"
nyasa,"['nya', 'nya', 's', 'a']"
hatukubaliani,"['ha', 'tu', 'kubali', 'kubali', 'an', 'i']"
zimehifadhiwa,"['zi', 'me', 'hifadhi', 'hifadhi', 'w', 'a']"
kujirudia,"['ku', 'ji', 'rudi', 'rudi', 'a']"
atahitajika,"['a', 'ta', 'hitaji', 'hitaji', 'k', 'a']"
hawaishi,"['ha', 'wa', 'i', 'sh', 'i']"
ameona,"['a', 'me', 'o', 'n', 'a']"
unaotaka,"['u', 'na', 'ota', 'ota', 'k', 'a']"
kugombana,"['ku', 'gomba', 'gomba', 'n', 'a']"
imekua,"['i', 'me', 'ku', 'a']"
ilibadilisha,"['i', 'li', 'badili', 'badili', 'sh', 'a']"
lilikataliwa,"['li', 'li', 'kata', 'kata', 'liw', 'a']"
tuliongozana,"['tu', 'li', 'ongoza', 'ongoza', 'n', 'a']"
walipingana,"['wa', 'li', 'pinga', 'pinga', 'n', 'a']"
kilichotokana,"['ki', 'li', 'cho', 'toka', 'toka', 'n', 'a']"
wanazo,"['wa', 'n', 'a', 'zo']"
kujuana,"['ku', 'jua', 'jua', 'n', 'a']"
vilivyotokana,"['vi', 'li', 'vyo', 'toka', 'toka', 'n', 'a']"
wanaogawa,"['wa', 'na', 'oga', 'oga', 'w', 'a']"
kuingiliana,"['ku', 'ingilia', 'ingilia', 'n', 'a']"
alilia,"['a', 'li', 'li', 'a']"
lilivyokuwa,"['li', 'li', 'vyo', 'ku', 'w', 'a']"
waliungana,"['wa', 'li', 'unga', 'unga', 'n', 'a']"
wanajuana,"['wa', 'na', 'jua', 'jua', 'n', 'a']"
wanafikiria,"['wa', 'na', 'fikiri', 'fikiri', 'a']"
mungai,"['m', 'unga', 'unga', 'i']"
zikawa,"['zi', 'ka', 'w', 'a']"
kuvaana,"['ku', 'vaa', 'vaa', 'n', 'a']"
alipotua,"['a', 'li', 'po', 'tu', 'a']"
walipokutana,"['wa', 'li', 'po', 'kuta', 'kuta', 'n', 'a']"
wapingane,"['wa', 'pinga', 'pinga', 'n', 'e']"
inaona,"['i', 'na', 'o', 'n', 'a']"
mlawa,"['m', 'la', 'la', 'w', 'a']"
kukulia,"['ku', 'ku', 'li', 'a']"
zinazofaa,"['zi', 'na', 'zo', 'fa', 'fa', 'a']"
kimea,"['ki', 'me', 'a']"
tunaishi,"['tu', 'na', 'i', 'sh', 'i']"
kunasa,"['ku', 'na', 's', 'a']"
ameshawishika,"['a', 'me', 'shawishi', 'shawishi', 'k', 'a']"
hatakuwa,"['ha', 'ta', 'ku', 'w', 'a']"
wasiotaka,"['wa', 'si', 'ota', 'ota', 'k', 'a']"
tutakapokuwa,"['tu', 'taka', 'po', 'ku', 'w', 'a']"
pauni,"['pa', 'u', 'n', 'i']"
kuuma,"['ku', 'u', 'm', 'a']"
yanavyokuwa,"['ya', 'na', 'vyo', 'ku', 'w', 'a']"
anapoishi,"['a', 'na', 'po', 'i', 'sh', 'i']"
zinakuwa,"['zi', 'na', 'ku', 'w', 'a']"
inabadilika,"['i', 'na', 'badili', 'badili', 'k', 'a']"
watakutana,"['wa', 'ta', 'kuta', 'kuta', 'n', 'a']"
wamepania,"['wa', 'me', 'pa', 'ni', 'ni', 'a']"
inafaa,"['i', 'na', 'fa', 'fa', 'a']"
watakao,"['wa', 'ta', 'k', 'a', 'o']"
unaodaiwa,"['u', 'na', 'o', 'dai', 'dai', 'w', 'a']"
kurudiwa,"['ku', 'rudi', 'rudi', 'w', 'a']"
imebakia,"['i', 'me', 'baki', 'baki', 'a']"
mnakubaliana,"['m', 'na', 'kubali', 'kubali', 'an', 'a']"
amepania,"['a', 'me', 'pa', 'ni', 'ni', 'a']"
mlikuwa,"['m', 'li', 'ku', 'w', 'a']"
wakatae,"['wa', 'kata', 'kata', 'e']"
atakaa,"['a', 'taka', 'a']"
ulipokuwa,"['u', 'li', 'po', 'ku', 'w', 'a']"
kuwaza,"['ku', 'wa', 'z', 'a']"
ilitua,"['i', 'li', 'tu', 'a']"
imetua,"['i', 'me', 'tu', 'a']"
atakapokuwa,"['a', 'taka', 'po', 'ku', 'w', 'a']"
alikolazwa,"['a', 'li', 'ko', 'la', 'la', 'zw', 'a']"
mkoni,"['m', 'ko', 'ko', 'n', 'i']"
hazitakiwi,"['ha', 'zi', 'ta', 'ki', 'w', 'i']"
viapo,"['vi', 'a', 'po']"
ikikosa,"['i', 'ki', 'ko', 'ko', 's', 'a']"
itakosa,"['i', 'ta', 'ko', 'ko', 's', 'a']"
kumkosa,"['ku', 'm', 'ko', 'ko', 's', 'a']"
yaishe,"['ya', 'i', 'sh', 'e']"
kinakuwa,"['ki', 'na', 'ku', 'w', 'a']"
kuchambuana,"['ku', 'chambua', 'chambua', 'n', 'a']"
pamekuwa,"['pa', 'me', 'ku', 'w', 'a']"
akifuatana,"['a', 'ki', 'fuata', 'fuata', 'n', 'a']"
kumrudisha,"['ku', 'm', 'rudi', 'rudi', 'sh', 'a']"
amemua,"['a', 'me', 'm', 'u', 'a']"
mchaka,"['m', 'cha', 'cha', 'k', 'a']"
kupaa,"['ku', 'pa', 'a']"
kinachotaka,"['ki', 'na', 'chota', 'chota', 'k', 'a']"
inayokubalika,"['i', 'na', 'yo', 'kubali', 'kubali', 'k', 'a']"
kujawa,"['ku', 'ja', 'ja', 'w', 'a']"
uchawi,"['u', 'cha', 'cha', 'w', 'i']"
haiendani,"['ha', 'i', 'enda', 'enda', 'n', 'i']"
anazodaiwa,"['a', 'na', 'zo', 'dai', 'dai', 'w', 'a']"
kukuna,"['ku', 'ku', 'n', 'a']"
ilikaa,"['i', 'lika', 'lika', 'a']"
wamelewa,"['wa', 'me', 'lew', 'a']"
imezama,"['i', 'meza', 'meza', 'm', 'a']"
waliamini,"['wa', 'lia', 'lia', 'm', 'i', 'ni']"
kufikiriwa,"['ku', 'fikiri', 'fikiri', 'w', 'a']"
rudisha,"['rudi', 'rudi', 'sh', 'a']"
unauma,"['u', 'na', 'u', 'm', 'a']"
yamkini,"['ya', 'm', 'k', 'i', 'ni']"
amekua,"['a', 'me', 'ku', 'a']"
umejaa,"['u', 'me', 'ja', 'ja', 'a']"
vilikiuka,"['vi', 'li', 'ki', 'uk', 'a']"
halitakuwa,"['ha', 'li', 'ta', 'ku', 'w', 'a']"
mumbai,"['m', 'umba', 'umba', 'i']"
huishia,"['hu', 'ishi', 'ishi', 'a']"
hamna,"['ha', 'm', 'n', 'a']"
watulie,"['wa', 'tu', 'li', 'e']"
hukutana,"['hu', 'kuta', 'kuta', 'n', 'a']"
kulitokana,"['ku', 'li', 'toka', 'toka', 'n', 'a']"
tulikaa,"['tu', 'lika', 'lika', 'a']"
hawafai,"['ha', 'wa', 'fa', 'fa', 'i']"
utume,"['u', 'tu', 'm', 'e']"
lishe,"['li', 'sh', 'e']"
imebadilika,"['i', 'me', 'badili', 'badili', 'k', 'a']"
ubadilike,"['u', 'badili', 'badili', 'k', 'e']"
halikubaliki,"['ha', 'li', 'kubali', 'kubali', 'k', 'i']"
unapingana,"['u', 'na', 'pinga', 'pinga', 'n', 'a']"
zimebakia,"['zi', 'me', 'baki', 'baki', 'a']"
kilimani,"['ki', 'li', 'm', 'an', 'i']"
akataka,"['a', 'kata', 'kata', 'k', 'a']"
asimilia,"['a', 'si', 'm', 'ili', 'a']"
vinavyokiuka,"['vi', 'na', 'vyo', 'ki', 'uk', 'a']"
zilizohifadhiwa,"['zi', 'li', 'zo', 'hifadhi', 'hifadhi', 'w', 'a']"
kinachohitajika,"['ki', 'na', 'cho', 'hitaji', 'hitaji', 'k', 'a']"
tunaungana,"['tu', 'na', 'unga', 'unga', 'n', 'a']"
kubebana,"['ku', 'beba', 'beba', 'n', 'a']"
kujazana,"['ku', 'jaza', 'jaza', 'n', 'a']"
kuajiriwa,"['ku', 'ajiri', 'ajiri', 'w', 'a']"
kubatilisha,"['ku', 'batili', 'batili', 'sh', 'a']"
ajulikanaye,"['a', 'julikana', 'julikana', 'y', 'e']"
aliokoa,"['a', 'li', 'o', 'ko', 'ko', 'a']"
kuikataa,"['ku', 'i', 'kata', 'kata', 'a']"
waliokutana,"['wa', 'li', 'o', 'kuta', 'kuta', 'n', 'a']"
watakosa,"['wa', 'ta', 'ko', 'ko', 's', 'a']"
kilikua,"['ki', 'li', 'ku', 'a']"
ukazi,"['u', 'ka', 'z', 'i']"
inasubiriwa,"['i', 'na', 'subiri', 'subiri', 'w', 'a']"
wanaokubalika,"['wa', 'na', 'o', 'kubali', 'kubali', 'k', 'a']"
tukaona,"['tu', 'ka', 'o', 'n', 'a']"
wanawaza,"['wa', 'na', 'wa', 'z', 'a']"
mkasi,"['m', 'ka', 's', 'i']"
tulikubaliana,"['tu', 'li', 'kubali', 'kubali', 'an', 'a']"
uliza,"['u', 'li', 'z', 'a']"
wanaowania,"['wa', 'na', 'o', 'wa', 'ni', 'ni', 'a']"
analia,"['a', 'na', 'li', 'a']"
hawatabadilika,"['ha', 'wa', 'ta', 'badili', 'badili', 'k', 'a']"
mkosi,"['m', 'ko', 'ko', 's', 'i']"
havikuwa,"['ha', 'vi', 'ku', 'w', 'a']"
ukawa,"['u', 'ka', 'w', 'a']"
havifai,"['ha', 'vi', 'fa', 'fa', 'i']"
vinafaa,"['vi', 'na', 'fa', 'fa', 'a']"
utakao,"['u', 'ta', 'k', 'a', 'o']"
wanalaani,"['wa', 'na', 'la', 'la', 'an', 'i']"
kilitokana,"['ki', 'li', 'toka', 'toka', 'n', 'a']"
alikiuka,"['a', 'li', 'ki', 'uk', 'a']"
kujivika,"['ku', 'ji', 'vi', 'vi', 'k', 'a']"
unaofaa,"['u', 'na', 'o', 'fa', 'fa', 'a']"
limetokana,"['li', 'me', 'toka', 'toka', 'n', 'a']"
kumwoa,"['ku', 'mw', 'o', 'a']"
kinywani,"['ki', 'nywa', 'nywa', 'n', 'i']"
zilizoungana,"['zi', 'li', 'zo', 'unga', 'unga', 'n', 'a']"
wanaokutana,"['wa', 'na', 'o', 'kuta', 'kuta', 'n', 'a']"
mpakani,"['m', 'pa', 'k', 'a', 'ni']"
tuliona,"['tu', 'li', 'o', 'n', 'a']"
imeitaka,"['i', 'me', 'ita', 'ita', 'k', 'a']"
angeona,"['a', 'nge', 'o', 'n', 'a']"
anapingana,"['a', 'na', 'pinga', 'pinga', 'n', 'a']"
hazitokani,"['ha', 'zi', 'toka', 'toka', 'n', 'i']"
wakikubaliana,"['wa', 'ki', 'kubali', 'kubali', 'an', 'a']"
hakifai,"['ha', 'ki', 'fa', 'fa', 'i']"
waliokubaliana,"['wa', 'li', 'o', 'kubali', 'kubali', 'an', 'a']"
aliyedaiwa,"['a', 'li', 'ye', 'dai', 'dai', 'w', 'a']"
tuliyekuwa,"['tu', 'li', 'ye', 'ku', 'w', 'a']"
yatakayo,"['ya', 'ta', 'k', 'a', 'yo']"
anania,"['a', 'na', 'ni', 'ni', 'a']"
haufai,"['ha', 'u', 'fa', 'fa', 'i']"
simoni,"['si', 'mo', 'mo', 'n', 'i']"
litakutana,"['li', 'ta', 'kuta', 'kuta', 'n', 'a']"
kuwekana,"['ku', 'weka', 'weka', 'n', 'a']"
haifurahii,"['ha', 'i', 'furahi', 'furahi', 'i']"
atakosa,"['a', 'ta', 'ko', 'ko', 's', 'a']"
waunganana,"['wa', 'ungana', 'ungana', 'n', 'a']"
wakikutana,"['wa', 'ki', 'kuta', 'kuta', 'n', 'a']"
likikubaliwa,"['li', 'ki', 'kubali', 'kubali', 'w', 'a']"
yanayoendana,"['ya', 'na', 'yo', 'enda', 'enda', 'n', 'a']"
hawajakatazwa,"['ha', 'wa', 'ja', 'kata', 'kata', 'zw', 'a']"
kinachokataliwa,"['ki', 'na', 'cho', 'kata', 'kata', 'liw', 'a']"
ingekubalika,"['i', 'nge', 'kubali', 'kubali', 'k', 'a']"
wapangani,"['wa', 'panga', 'panga', 'n', 'i']"
itamua,"['i', 'ta', 'm', 'u', 'a']"
hapingani,"['ha', 'pinga', 'pinga', 'n', 'i']"
itakavyokuwa,"['i', 'taka', 'vyo', 'ku', 'w', 'a']"
kusimikwa,"['ku', 'si', 'm', 'ikw', 'a']"
hawajawa,"['ha', 'wa', 'ja', 'w', 'a']"
shani,"['sh', 'a', 'ni']"
wanakutana,"['wa', 'na', 'kuta', 'kuta', 'n', 'a']"
wakilia,"['wa', 'ki', 'li', 'a']"
kutegemeana,"['ku', 'tegemea', 'tegemea', 'n', 'a']"
anamini,"['a', 'na', 'm', 'i', 'ni']"
zikielea,"['zi', 'ki', 'ele', 'a']"
inauma,"['i', 'na', 'u', 'm', 'a']"
hujazwa,"['hu', 'ja', 'ja', 'zw', 'a']"
vimehifadhiwa,"['vi', 'me', 'hifadhi', 'hifadhi', 'w', 'a']"
wamejazana,"['wa', 'me', 'jaza', 'jaza', 'n', 'a']"
hawakubaliani,"['ha', 'wa', 'kubali', 'kubali', 'an', 'i']"
wauza,"['wa', 'u', 'z', 'a']"
litakalokuwa,"['li', 'taka', 'lo', 'ku', 'w', 'a']"
makasha,"['m', 'aka', 'aka', 'sh', 'a']"
wamegombana,"['wa', 'me', 'gomba', 'gomba', 'n', 'a']"
unakutana,"['u', 'na', 'kuta', 'kuta', 'n', 'a']"
iliyobakia,"['i', 'li', 'yo', 'baki', 'baki', 'a']"
hamisa,"['ha', 'm', 'i', 's', 'a']"
ameishi,"['a', 'me', 'i', 'sh', 'i']"
ilivyodaiwa,"['i', 'li', 'vyo', 'dai', 'dai', 'w', 'a']"
kukataza,"['ku', 'kata', 'kata', 'z', 'a']"
anayefaa,"['a', 'na', 'ye', 'fa', 'fa', 'a']"
ilikataa,"['i', 'li', 'kata', 'kata', 'a']"
ikikataa,"['i', 'ki', 'kata', 'kata', 'a']"
inavyokuwa,"['i', 'na', 'vyo', 'ku', 'w', 'a']"
wanaokuwa,"['wa', 'na', 'o', 'ku', 'w', 'a']"
waliotengana,"['wa', 'li', 'o', 'tenga', 'tenga', 'n', 'a']"
gomaa,"['goma', 'goma', 'a']"
akisubiriwa,"['a', 'ki', 'subiri', 'subiri', 'w', 'a']"
kumeza,"['ku', 'me', 'z', 'a']"
milimani,"['m', 'i', 'lima', 'lima', 'n', 'i']"
uzani,"['u', 'z', 'a', 'ni']"
tulia,"['tu', 'li', 'a']"
usukani,"['u', 'suka', 'suka', 'n', 'i']"
ilikubaliwa,"['i', 'li', 'kubali', 'kubali', 'w', 'a']"
somalia,"['soma', 'soma', 'li', 'a']"
yanadaiwa,"['ya', 'na', 'dai', 'dai', 'w', 'a']"
yanasadikika,"['ya', 'na', 'sadiki', 'sadiki', 'k', 'a']"
hayafanani,"['ha', 'ya', 'fa', 'fa', 'n', 'a', 'ni']"
yakome,"['ya', 'ko', 'ko', 'm', 'e']"
zilizosalia,"['zi', 'li', 'zo', 'sali', 'sali', 'a']"
kilawe,"['ki', 'la', 'la', 'w', 'e']"
ikakosa,"['i', 'ka', 'ko', 'ko', 's', 'a']"
wanaaminika,"['wa', 'na', 'amini', 'amini', 'k', 'a']"
anakoishi,"['a', 'na', 'ko', 'ko', 'ish', 'i']"
atakayekiuka,"['a', 'taka', 'ye', 'ki', 'uk', 'a']"
tukutane,"['tu', 'kuta', 'kuta', 'n', 'e']"
sikubaliani,"['si', 'kubali', 'kubali', 'an', 'i']"
anaondokana,"['a', 'na', 'ondoka', 'ondoka', 'n', 'a']"
isimani,"['i', 'si', 'm', 'an', 'i']"
kukutaka,"['ku', 'kuta', 'kuta', 'k', 'a']"
wanapokosana,"['wa', 'na', 'po', 'kosa', 'kosa', 'n', 'a']"
wanavyodhania,"['wa', 'na', 'vyo', 'dhani', 'dhani', 'a']"
tuachane,"['tu', 'acha', 'acha', 'n', 'e']"
anasa,"['a', 'na', 's', 'a']"
kuambukizana,"['ku', 'ambukiza', 'ambukiza', 'n', 'a']"
wakiishia,"['wa', 'ki', 'ishi', 'ishi', 'a']"
kijazi,"['ki', 'ja', 'ja', 'z', 'i']"
kiria,"['kiri', 'kiri', 'a']"
wamezaliwa,"['wa', 'meza', 'meza', 'liw', 'a']"
wasaidiane,"['wa', 'saidia', 'saidia', 'n', 'e']"
imetuma,"['i', 'me', 'tu', 'm', 'a']"
wamekua,"['wa', 'me', 'ku', 'a']"
unakua,"['u', 'na', 'ku', 'a']"
kusukumana,"['ku', 'sukuma', 'sukuma', 'n', 'a']"
kuongozana,"['ku', 'ongoza', 'ongoza', 'n', 'a']"
linalokua,"['li', 'na', 'lo', 'ku', 'a']"
kimisha,"['ki', 'm', 'ish', 'a']"
ulioisha,"['u', 'li', 'o', 'i', 'sh', 'a']"
kiani,"['ki', 'an', 'i']"
tukabaini,"['tu', 'kaba', 'kaba', 'i', 'ni']"
ametua,"['a', 'me', 'tu', 'a']"
ilipaa,"['i', 'li', 'pa', 'a']"
wanamalizana,"['wa', 'na', 'maliza', 'maliza', 'n', 'a']"
wataumana,"['wa', 'ta', 'uma', 'uma', 'n', 'a']"
ilikosa,"['i', 'li', 'ko', 'ko', 's', 'a']"
wanahitajika,"['wa', 'na', 'hitaji', 'hitaji', 'k', 'a']"
watakubaliana,"['wa', 'ta', 'kubali', 'kubali', 'an', 'a']"
inazo,"['i', 'n', 'a', 'zo']"
tunisia,"['tu', 'ni', 'si', 'si', 'a']"
auzwe,"['a', 'u', 'zw', 'e']"
hatufai,"['ha', 'tu', 'fa', 'fa', 'i']"
hakosi,"['ha', 'ko', 'ko', 's', 'i']"
wametua,"['wa', 'me', 'tu', 'a']"
imebakiwa,"['i', 'me', 'baki', 'baki', 'w', 'a']"
kuilaza,"['ku', 'i', 'la', 'la', 'z', 'a']"
zimalizane,"['zi', 'maliza', 'maliza', 'n', 'e']"
wamemalizana,"['wa', 'me', 'maliza', 'maliza', 'n', 'a']"
kinahitajika,"['ki', 'na', 'hitaji', 'hitaji', 'k', 'a']"
kuumana,"['ku', 'uma', 'uma', 'n', 'a']"
wametuma,"['wa', 'me', 'tu', 'm', 'a']"
atatua,"['a', 'ta', 'tu', 'a']"
iliilaza,"['i', 'li', 'i', 'la', 'la', 'z', 'a']"
hatukutaka,"['ha', 'tu', 'kuta', 'kuta', 'k', 'a']"
itakapokutana,"['i', 'taka', 'po', 'kuta', 'kuta', 'n', 'a']"
makasi,"['m', 'aka', 'aka', 's', 'i']"
mwasika,"['m', 'wa', 'si', 'si', 'k', 'a']"
panapokuwa,"['pa', 'na', 'po', 'ku', 'w', 'a']"
imebakisha,"['i', 'me', 'baki', 'baki', 'sh', 'a']"
zilipokutana,"['zi', 'li', 'po', 'kuta', 'kuta', 'n', 'a']"
itamkosa,"['i', 'ta', 'm', 'ko', 'ko', 's', 'a']"
kubakiwa,"['ku', 'baki', 'baki', 'w', 'a']"
kupania,"['ku', 'pa', 'ni', 'ni', 'a']"
amebakisha,"['a', 'me', 'baki', 'baki', 'sh', 'a']"
wataikosa,"['wa', 'ta', 'i', 'ko', 'ko', 's', 'a']"
zitakapokuwa,"['zi', 'taka', 'po', 'ku', 'w', 'a']"
kuivaa,"['ku', 'iva', 'iva', 'a']"
yangekuwa,"['ya', 'nge', 'ku', 'w', 'a']"
ilipokutana,"['i', 'li', 'po', 'kuta', 'kuta', 'n', 'a']"
zilitoshana,"['zi', 'li', 'tosha', 'tosha', 'n', 'a']"
kufungana,"['ku', 'funga', 'funga', 'n', 'a']"
ifikirie,"['i', 'fikiri', 'fikiri', 'e']"
alipogongana,"['a', 'li', 'po', 'gonga', 'gonga', 'n', 'a']"
kupaisha,"['ku', 'pa', 'ish', 'a']"
akikosa,"['a', 'ki', 'ko', 'ko', 's', 'a']"
kuukoa,"['ku', 'u', 'ko', 'ko', 'a']"
walizidisha,"['wa', 'li', 'zidi', 'zidi', 'sh', 'a']"
walikosa,"['wa', 'li', 'ko', 'ko', 's', 'a']"
wanaitaka,"['wa', 'na', 'ita', 'ita', 'k', 'a']"
zitakapoumana,"['zi', 'taka', 'po', 'uma', 'uma', 'n', 'a']"
zilizobakia,"['zi', 'li', 'zo', 'baki', 'baki', 'a']"
mkami,"['m', 'ka', 'm', 'i']"
kuilaki,"['ku', 'i', 'la', 'la', 'k', 'i']"
mkuki,"['m', 'ku', 'k', 'i']"
imepania,"['i', 'me', 'pa', 'ni', 'ni', 'a']"
wakiumana,"['wa', 'ki', 'uma', 'uma', 'n', 'a']"
mkiani,"['m', 'ki', 'an', 'i']"
inafurahisha,"['i', 'na', 'furahi', 'furahi', 'sh', 'a']"
imebakiza,"['i', 'me', 'baki', 'baki', 'z', 'a']"
kuizima,"['ku', 'i', 'zi', 'zi', 'm', 'a']"
watakapokutana,"['wa', 'taka', 'po', 'kuta', 'kuta', 'n', 'a']"
zitakutana,"['zi', 'ta', 'kuta', 'kuta', 'n', 'a']"
tunafurahia,"['tu', 'na', 'furahi', 'furahi', 'a']"
kutumainiwa,"['ku', 'tumaini', 'tumaini', 'w', 'a']"
watapigana,"['wa', 'ta', 'piga', 'piga', 'n', 'a']"
kuikosa,"['ku', 'i', 'ko', 'ko', 's', 'a']"
itataka,"['i', 'tata', 'tata', 'k', 'a']"
kuwalaza,"['ku', 'wa', 'la', 'la', 'z', 'a']"
ilizima,"['i', 'li', 'zi', 'm', 'a']"
walitulia,"['wa', 'li', 'tu', 'li', 'a']"
amepigana,"['a', 'me', 'piga', 'piga', 'n', 'a']"
amechoka,"['a', 'me', 'cho', 'k', 'a']"
alichoka,"['a', 'li', 'cho', 'k', 'a']"
ulipaa,"['u', 'li', 'pa', 'a']"
kuibadilisha,"['ku', 'i', 'badili', 'badili', 'sh', 'a']"
unaosubiriwa,"['u', 'na', 'o', 'subiri', 'subiri', 'w', 'a']"
ilitulia,"['i', 'li', 'tu', 'li', 'a']"
amosi,"['a', 'mo', 'mo', 's', 'i']"
minaki,"['m', 'i', 'na', 'na', 'k', 'i']"
wamebakia,"['wa', 'me', 'baki', 'baki', 'a']"
hajawa,"['ha', 'ja', 'w', 'a']"
utakaokuwa,"['u', 'taka', 'o', 'ku', 'w', 'a']"
inawania,"['i', 'na', 'wa', 'ni', 'ni', 'a']"
zinapokutana,"['zi', 'na', 'po', 'kuta', 'kuta', 'n', 'a']"
kunakuwa,"['ku', 'na', 'ku', 'w', 'a']"
kupasiwa,"['ku', 'pa', 'si', 'si', 'w', 'a']"
lililojaa,"['li', 'li', 'lo', 'ja', 'ja', 'a']"
kitakachoivaa,"['ki', 'taka', 'cho', 'iva', 'iva', 'a']"
haijalishi,"['ha', 'i', 'ja', 'li', 'sh', 'i']"
ataungana,"['a', 'ta', 'unga', 'unga', 'n', 'a']"
mwalami,"['m', 'wa', 'la', 'la', 'm', 'i']"
watakaokaa,"['wa', 'taka', 'oka', 'oka', 'a']"
amezoea,"['a', 'me', 'zo', 'e', 'a']"
watatua,"['wa', 'ta', 'tu', 'a']"
zinakutana,"['zi', 'na', 'kuta', 'kuta', 'n', 'a']"
ikiumana,"['i', 'ki', 'uma', 'uma', 'n', 'a']"
imezidiwa,"['i', 'me', 'zidi', 'zidi', 'w', 'a']"
waungane,"['wa', 'unga', 'unga', 'n', 'e']"
inawaniwa,"['i', 'na', 'wa', 'ni', 'ni', 'w', 'a']"
hafikirii,"['ha', 'fikiri', 'fikiri', 'i']"
wamebakisha,"['wa', 'me', 'baki', 'baki', 'sh', 'a']"
anatua,"['a', 'na', 'tu', 'a']"
kingekuwa,"['ki', 'nge', 'ku', 'w', 'a']"
mlioni,"['m', 'li', 'o', 'n', 'i']"
zinawania,"['zi', 'na', 'wa', 'ni', 'ni', 'a']"
iliyojaza,"['i', 'li', 'yo', 'ja', 'ja', 'z', 'a']"
ziendane,"['zi', 'enda', 'enda', 'n', 'e']"
wanakosa,"['wa', 'na', 'ko', 'ko', 's', 'a']"
amezoeana,"['a', 'me', 'zoea', 'zoea', 'n', 'a']"
kupigiana,"['ku', 'pigia', 'pigia', 'n', 'a']"
amini,"['a', 'm', 'i', 'ni']"
pazia,"['pa', 'zi', 'a']"
inamaana,"['inama', 'inama', 'an', 'a']"
hausiki,"['ha', 'u', 'si', 'si', 'k', 'i']"
linakosa,"['li', 'na', 'ko', 'ko', 's', 'a']"
kutupiana,"['ku', 'tupia', 'tupia', 'n', 'a']"
mikao,"['m', 'i', 'k', 'a', 'o']"
watakapotua,"['wa', 'taka', 'po', 'tu', 'a']"
kukibadilisha,"['ku', 'ki', 'badili', 'badili', 'sh', 'a']"
wanaungana,"['wa', 'na', 'unga', 'unga', 'n', 'a']"
alizima,"['a', 'li', 'zi', 'm', 'a']"
yaitaka,"['ya', 'ita', 'ita', 'k', 'a']"
kiamuaki,"['ki', 'amua', 'amua', 'k', 'i']"
watajaza,"['wa', 'ta', 'ja', 'ja', 'z', 'a']"
kuipoka,"['ku', 'ipo', 'ipo', 'k', 'a']"
kumbakiza,"['ku', 'm', 'baki', 'baki', 'z', 'a']"
imeirudisha,"['i', 'me', 'i', 'rudi', 'rudi', 'sh', 'a']"
tunalaani,"['tu', 'na', 'la', 'la', 'an', 'i']"
unazi,"['u', 'na', 'z', 'i']"
munishi,"['m', 'u', 'ni', 'ni', 'sh', 'i']"
walifungana,"['wa', 'li', 'funga', 'funga', 'n', 'a']"
watakachokuwa,"['wa', 'taka', 'cho', 'ku', 'w', 'a']"
yatakayokuwa,"['ya', 'taka', 'yo', 'ku', 'w', 'a']"
kuurudisha,"['ku', 'u', 'rudi', 'rudi', 'sh', 'a']"
mchangani,"['m', 'changa', 'changa', 'n', 'i']"
kutawazwa,"['ku', 'ta', 'wa', 'zw', 'a']"
wanafurahia,"['wa', 'na', 'furahi', 'furahi', 'a']"
sitakuwa,"['si', 'ta', 'ku', 'w', 'a']"
kupasha,"['ku', 'pa', 'sh', 'a']"
waliokoa,"['wa', 'li', 'o', 'ko', 'ko', 'a']"
inayosubiriwa,"['i', 'na', 'yo', 'subiri', 'subiri', 'w', 'a']"
kutakua,"['ku', 'ta', 'ku', 'a']"
wakataka,"['wa', 'kata', 'kata', 'k', 'a']"
walitua,"['wa', 'li', 'tu', 'a']"
lililotokana,"['li', 'li', 'lo', 'toka', 'toka', 'n', 'a']"
likifikiriwa,"['li', 'ki', 'fikiri', 'fikiri', 'w', 'a']"
vikae,"['vi', 'ka', 'e']"
utakapokuwa,"['u', 'taka', 'po', 'ku', 'w', 'a']"
akini,"['a', 'ki', 'n', 'i']"
mtalaka,"['m', 'ta', 'la', 'la', 'k', 'a']"
anazo,"['a', 'n', 'a', 'zo']"
kupendana,"['ku', 'penda', 'penda', 'n', 'a']"
wamzike,"['wa', 'm', 'zi', 'zi', 'k', 'e']"
wakifurahia,"['wa', 'ki', 'furahi', 'furahi', 'a']"
inayoishi,"['i', 'na', 'yo', 'i', 'sh', 'i']"
turudishe,"['tu', 'rudi', 'rudi', 'sh', 'e']"
wanaishia,"['wa', 'na', 'ishi', 'ishi', 'a']"
kulalama,"['ku', 'lala', 'lala', 'm', 'a']"
inawapasa,"['i', 'na', 'wa', 'pa', 'pa', 's', 'a']"
kuturudisha,"['ku', 'tu', 'rudi', 'rudi', 'sh', 'a']"
zilivyokuwa,"['zi', 'li', 'vyo', 'ku', 'w', 'a']"
wachawi,"['wa', 'cha', 'cha', 'w', 'i']"
amezaliwa,"['a', 'meza', 'meza', 'liw', 'a']"
hasha,"['ha', 'sh', 'a']"
hatutakiwi,"['ha', 'tu', 'ta', 'ki', 'w', 'i']"
zimejaa,"['zi', 'me', 'ja', 'ja', 'a']"
tunalo,"['tu', 'n', 'a', 'lo']"
yamebadilika,"['ya', 'me', 'badili', 'badili', 'k', 'a']"
vinakuwa,"['vi', 'na', 'ku', 'w', 'a']"
kusimia,"['ku', 'si', 'm', 'i', 'a']"
inarudisha,"['i', 'na', 'rudi', 'rudi', 'sh', 'a']"
vichaka,"['vi', 'cha', 'cha', 'k', 'a']"
kinachokubalika,"['ki', 'na', 'cho', 'kubali', 'kubali', 'k', 'a']"
hauishii,"['ha', 'u', 'ishi', 'ishi', 'i']"
tuulizane,"['tu', 'uliza', 'uliza', 'n', 'e']"
watakavyo,"['wa', 'ta', 'k', 'a', 'vyo']"
tusifikirie,"['tu', 'si', 'fikiri', 'fikiri', 'e']"
yakiwamo,"['ya', 'ki', 'w', 'a', 'mo']"
kukamua,"['ku', 'ka', 'm', 'u', 'a']"
wakiungana,"['wa', 'ki', 'unga', 'unga', 'n', 'a']"
wakose,"['wa', 'ko', 'ko', 's', 'e']"
linafaa,"['li', 'na', 'fa', 'fa', 'a']"
hutegemeana,"['hu', 'tegemea', 'tegemea', 'n', 'a']"
wamefurahia,"['wa', 'me', 'furahi', 'furahi', 'a']"
yanayofaa,"['ya', 'na', 'yo', 'fa', 'fa', 'a']"
hujaa,"['hu', 'ja', 'ja', 'a']"
waliikosa,"['wa', 'li', 'i', 'ko', 'ko', 's', 'a']"
walikua,"['wa', 'li', 'ku', 'a']"
wakaazi,"['wa', 'ka', 'az', 'i']"
wanaokosa,"['wa', 'na', 'o', 'ko', 'ko', 's', 'a']"
walioishi,"['wa', 'li', 'o', 'i', 'sh', 'i']"
itarudisha,"['i', 'ta', 'rudi', 'rudi', 'sh', 'a']"
kulikataa,"['ku', 'li', 'kata', 'kata', 'a']"
umekua,"['u', 'me', 'ku', 'a']"
sikuwa,"['si', 'ku', 'w', 'a']"
linakuzwa,"['li', 'na', 'ku', 'zw', 'a']"
wauze,"['wa', 'u', 'z', 'e']"
anayoishi,"['a', 'na', 'yo', 'i', 'sh', 'i']"
haziendani,"['ha', 'zi', 'enda', 'enda', 'n', 'i']"
zinazoendana,"['zi', 'na', 'zo', 'enda', 'enda', 'n', 'a']"
waitaka,"['wa', 'ita', 'ita', 'k', 'a']"
vinavyokubalika,"['vi', 'na', 'vyo', 'kubali', 'kubali', 'k', 'a']"
ikaona,"['i', 'ka', 'o', 'n', 'a']"
sifurahii,"['si', 'furahi', 'furahi', 'i']"
anakataa,"['a', 'na', 'kata', 'kata', 'a']"
utakua,"['u', 'ta', 'ku', 'a']"
alilopigana,"['a', 'li', 'lo', 'piga', 'piga', 'n', 'a']"
wakaangalia,"['wa', 'kaanga', 'kaanga', 'li', 'a']"
kuyakosa,"['ku', 'ya', 'ko', 'ko', 's', 'a']"
zinapokuwa,"['zi', 'na', 'po', 'ku', 'w', 'a']"
zilikisiwa,"['zi', 'li', 'ki', 'si', 'si', 'w', 'a']"
kumfurahisha,"['ku', 'm', 'furahi', 'furahi', 'sh', 'a']"
wanini,"['wa', 'ni', 'ni', 'n', 'i']"
wajameni,"['wa', 'ja', 'ja', 'm', 'e', 'ni']"
umezaliwa,"['u', 'meza', 'meza', 'liw', 'a']"
mlifurahia,"['m', 'li', 'furahi', 'furahi', 'a']"
mwako,"['m', 'w', 'a', 'ko']"
tubadilike,"['tu', 'badili', 'badili', 'k', 'e']"
usiye,"['u', 'si', 'y', 'e']"
kuagana,"['ku', 'aga', 'aga', 'n', 'a']"
achana,"['a', 'cha', 'cha', 'n', 'a']"
alinikataza,"['a', 'li', 'ni', 'kata', 'kata', 'z', 'a']"
asinioe,"['a', 'si', 'ni', 'ni', 'o', 'e']"
yaishie,"['ya', 'ishi', 'ishi', 'e']"
umechoka,"['u', 'me', 'cho', 'k', 'a']"
uwani,"['u', 'wa', 'n', 'i']"
kuifurahia,"['ku', 'i', 'furahi', 'furahi', 'a']"
linauma,"['li', 'na', 'u', 'm', 'a']"
kusimuliwa,"['ku', 'si', 'm', 'uliw', 'a']"
akabaki,"['a', 'kaba', 'kaba', 'k', 'i']"
hakuamini,"['ha', 'kua', 'kua', 'm', 'i', 'ni']"
akatamani,"['a', 'kata', 'kata', 'm', 'a', 'ni']"
akafikiriwa,"['a', 'ka', 'fikiri', 'fikiri', 'w', 'a']"
halisina,"['ha', 'li', 'si', 'si', 'n', 'a']"
anani,"['a', 'na', 'n', 'i']"
hawakuamini,"['ha', 'wa', 'kua', 'kua', 'm', 'i', 'ni']"
amepona,"['a', 'me', 'po', 'n', 'a']"
unalo,"['u', 'n', 'a', 'lo']"
hautaki,"['ha', 'u', 'ta', 'k', 'i']"
vijiwe,"['vi', 'ji', 'w', 'e']"
vijiweni,"['vi', 'ji', 'w', 'e', 'ni']"
unakosa,"['u', 'na', 'ko', 'ko', 's', 'a']"
kuoneana,"['ku', 'onea', 'onea', 'n', 'a']"
kujifikiria,"['ku', 'ji', 'fikiri', 'fikiri', 'a']"
kinasa,"['ki', 'na', 's', 'a']"
wanaoamini,"['wa', 'na', 'oa', 'oa', 'm', 'i', 'ni']"
yalivyokuwa,"['ya', 'li', 'vyo', 'ku', 'w', 'a']"
ameolewa,"['a', 'me', 'o', 'lew', 'a']"
hufikiria,"['hu', 'fikiri', 'fikiri', 'a']"
uishi,"['u', 'i', 'sh', 'i']"
ajuaye,"['a', 'jua', 'jua', 'y', 'e']"
kulalia,"['ku', 'la', 'la', 'li', 'a']"
ameoa,"['a', 'me', 'o', 'a']"
usimkubalie,"['u', 'si', 'm', 'kubali', 'kubali', 'e']"
kungekuwa,"['ku', 'nge', 'ku', 'w', 'a']"
kuwajaza,"['ku', 'wa', 'ja', 'ja', 'z', 'a']"
akisaidiana,"['a', 'ki', 'saidia', 'saidia', 'n', 'a']"
liuli,"['li', 'ul', 'i']"
walichoka,"['wa', 'li', 'cho', 'k', 'a']"
kuzaliana,"['ku', 'zalia', 'zalia', 'n', 'a']"
yatatokana,"['ya', 'ta', 'toka', 'toka', 'n', 'a']"
wameajiriwa,"['wa', 'me', 'ajiri', 'ajiri', 'w', 'a']"
hamtaki,"['ha', 'm', 'ta', 'k', 'i']"
muwasa,"['m', 'u', 'wa', 'wa', 's', 'a']"
aliyewasha,"['a', 'li', 'ye', 'wa', 'sh', 'a']"
umezaa,"['u', 'meza', 'meza', 'a']"
imekosa,"['i', 'me', 'ko', 'ko', 's', 'a']"
walipoteana,"['wa', 'li', 'potea', 'potea', 'n', 'a']"
wakisukumana,"['wa', 'ki', 'sukuma', 'sukuma', 'n', 'a']"
visiki,"['vi', 'si', 'k', 'i']"
walizomea,"['wa', 'li', 'zo', 'm', 'e', 'a']"
rudiwa,"['rudi', 'rudi', 'w', 'a']"
itakayo,"['i', 'ta', 'k', 'a', 'yo']"
ukeni,"['u', 'k', 'e', 'ni']"
itokanayo,"['i', 'toka', 'toka', 'n', 'a', 'yo']"
wanaolazwa,"['wa', 'na', 'o', 'la', 'la', 'zw', 'a']"
kuangaliana,"['ku', 'angalia', 'angalia', 'n', 'a']"
yanabadilika,"['ya', 'na', 'badili', 'badili', 'k', 'a']"
utaishia,"['u', 'ta', 'ishi', 'ishi', 'a']"
hakikisha,"['ha', 'ki', 'ki', 'sh', 'a']"
wapendanao,"['wa', 'penda', 'penda', 'n', 'a', 'o']"
unaua,"['u', 'na', 'u', 'a']"
kunyauka,"['ku', 'nya', 'nya', 'uk', 'a']"
munisi,"['m', 'u', 'ni', 'ni', 's', 'i']"
linaloendana,"['li', 'na', 'lo', 'enda', 'enda', 'n', 'a']"
ikuza,"['i', 'ku', 'z', 'a']"
utawaka,"['u', 'ta', 'wa', 'k', 'a']"
likuwa,"['li', 'ku', 'w', 'a']"
sikutaka,"['si', 'kuta', 'kuta', 'k', 'a']"
kubakiza,"['ku', 'baki', 'baki', 'z', 'a']"
tulivyokuwa,"['tu', 'li', 'vyo', 'ku', 'w', 'a']"
atakuwapo,"['a', 'ta', 'ku', 'w', 'a', 'po']"
yakupasa,"['ya', 'ku', 'pa', 'pa', 's', 'a']"
kikosini,"['ki', 'ko', 'ko', 's', 'i', 'ni']"
kupendeleana,"['ku', 'pendelea', 'pendelea', 'n', 'a']"
wanaelewana,"['wa', 'na', 'elewa', 'elewa', 'n', 'a']"
walikuwapo,"['wa', 'li', 'ku', 'w', 'a', 'po']"
kutibua,"['ku', 'tibu', 'tibu', 'a']"
wanakwaana,"['wa', 'na', 'kwaa', 'kwaa', 'n', 'a']"
zilitokana,"['zi', 'li', 'toka', 'toka', 'n', 'a']"
yatabadilika,"['ya', 'ta', 'badili', 'badili', 'k', 'a']"
kukumbushana,"['ku', 'kumbusha', 'kumbusha', 'n', 'a']"
ukiachana,"['u', 'ki', 'acha', 'acha', 'n', 'a']"
lililokomaa,"['li', 'li', 'lo', 'koma', 'koma', 'a']"
upake,"['u', 'pa', 'k', 'e']"
kutamani,"['ku', 'ta', 'm', 'a', 'ni']"
kusameheana,"['ku', 'samehe', 'samehe', 'an', 'a']"
inazidiwa,"['i', 'na', 'zidi', 'zidi', 'w', 'a']"
mchaki,"['m', 'cha', 'cha', 'k', 'i']"
vinane,"['vi', 'na', 'n', 'e']"
mkushi,"['m', 'ku', 'sh', 'i']"
inarudiana,"['i', 'na', 'rudi', 'rudi', 'an', 'a']"
inayowania,"['i', 'na', 'yo', 'wa', 'ni', 'ni', 'a']"
hawaelewani,"['ha', 'wa', 'elewa', 'elewa', 'n', 'i']"
inatua,"['i', 'na', 'tu', 'a']"
alikua,"['a', 'li', 'ku', 'a']"
kuchezaa,"['ku', 'cheza', 'cheza', 'a']"
kukazia,"['ku', 'ka', 'zi', 'a']"
zimeona,"['zi', 'me', 'o', 'n', 'a']"
apewaye,"['a', 'pewa', 'pewa', 'y', 'e']"
kufaa,"['ku', 'fa', 'fa', 'a']"
kijiweni,"['ki', 'ji', 'w', 'e', 'ni']"
kurudiana,"['ku', 'rudi', 'rudi', 'an', 'a']"
ikirudiana,"['i', 'ki', 'rudi', 'rudi', 'an', 'a']"
kuonyeshana,"['ku', 'onyesha', 'onyesha', 'n', 'a']"
mnakuwa,"['m', 'na', 'ku', 'w', 'a']"
rudia,"['rudi', 'rudi', 'a']"
unaishi,"['u', 'na', 'i', 'sh', 'i']"
yanini,"['ya', 'ni', 'ni', 'n', 'i']"
tutapigana,"['tu', 'ta', 'piga', 'piga', 'n', 'a']"
unayoishi,"['u', 'na', 'yo', 'i', 'sh', 'i']"
itakayokiuka,"['i', 'taka', 'yo', 'ki', 'uk', 'a']"
husiana,"['hu', 'si', 'si', 'an', 'a']"
walizidiwa,"['wa', 'li', 'zidi', 'zidi', 'w', 'a']"
zimefungana,"['zi', 'me', 'funga', 'funga', 'n', 'a']"
tulizoea,"['tu', 'li', 'zo', 'e', 'a']"
wamekulia,"['wa', 'me', 'ku', 'li', 'a']"
mikosi,"['m', 'i', 'ko', 'ko', 's', 'i']"
walijaa,"['wa', 'li', 'ja', 'ja', 'a']"
mkuzi,"['m', 'ku', 'z', 'i']"
inampasa,"['i', 'na', 'm', 'pa', 'pa', 's', 'a']"
itaonyeshana,"['i', 'ta', 'onyesha', 'onyesha', 'n', 'a']"
itakua,"['i', 'ta', 'ku', 'a']"
ibadilike,"['i', 'badili', 'badili', 'k', 'e']"
iliyoisha,"['i', 'li', 'yo', 'i', 'sh', 'a']"
kilikosa,"['ki', 'li', 'ko', 'ko', 's', 'a']"
zinabadilika,"['zi', 'na', 'badili', 'badili', 'k', 'a']"
hubadilika,"['hu', 'badili', 'badili', 'k', 'a']"
ingekua,"['i', 'nge', 'ku', 'a']"
wakilalama,"['wa', 'ki', 'lala', 'lala', 'm', 'a']"
kuwaniwa,"['ku', 'wa', 'ni', 'ni', 'w', 'a']"
watakua,"['wa', 'ta', 'ku', 'a']"
wasigombane,"['wa', 'si', 'gomba', 'gomba', 'n', 'e']"
inaishi,"['i', 'na', 'i', 'sh', 'i']"
itakwaana,"['i', 'ta', 'kwaa', 'kwaa', 'n', 'a']"
aliyepania,"['a', 'li', 'ye', 'pa', 'ni', 'ni', 'a']"
walilalama,"['wa', 'li', 'lala', 'lala', 'm', 'a']"
haishi,"['ha', 'i', 'sh', 'i']"
waliopendana,"['wa', 'li', 'o', 'penda', 'penda', 'n', 'a']"
aliyenaye,"['a', 'li', 'ye', 'na', 'na', 'y', 'e']"
kuambiana,"['ku', 'ambia', 'ambia', 'n', 'a']"
imeisha,"['i', 'me', 'i', 'sh', 'a']"
mimosa,"['m', 'i', 'mo', 'mo', 's', 'a']"
zitarudiana,"['zi', 'ta', 'rudi', 'rudi', 'an', 'a']"
ilikua,"['i', 'li', 'ku', 'a']"
hatataka,"['ha', 'tata', 'tata', 'k', 'a']"
wakionyeshana,"['wa', 'ki', 'onyesha', 'onyesha', 'n', 'a']"
anaaminika,"['a', 'na', 'amini', 'amini', 'k', 'a']"
kufundishana,"['ku', 'fundisha', 'fundisha', 'n', 'a']"
machalii,"['m', 'acha', 'acha', 'li', 'i']"
kupaniki,"['ku', 'pa', 'ni', 'ni', 'k', 'i']"
anapokutana,"['a', 'na', 'po', 'kuta', 'kuta', 'n', 'a']"
mnaotaka,"['m', 'na', 'ota', 'ota', 'k', 'a']"
havitengamani,"['ha', 'vi', 'tenga', 'tenga', 'm', 'a', 'ni']"
kusuguana,"['ku', 'sugua', 'sugua', 'n', 'a']"
zikikataliwa,"['zi', 'ki', 'kata', 'kata', 'liw', 'a']"
utarudiwa,"['u', 'ta', 'rudi', 'rudi', 'w', 'a']"
yanajirudia,"['ya', 'na', 'ji', 'rudi', 'rudi', 'a']"
limao,"['li', 'm', 'a', 'o']"
hamuelewani,"['ha', 'm', 'u', 'elewa', 'elewa', 'n', 'i']"
kupaniana,"['ku', 'pa', 'ni', 'ni', 'an', 'a']"
tunapigana,"['tu', 'na', 'piga', 'piga', 'n', 'a']"
walipania,"['wa', 'li', 'pa', 'ni', 'ni', 'a']"
tunatumaini,"['tu', 'na', 'tuma', 'tuma', 'i', 'ni']"
kuibakisha,"['ku', 'i', 'baki', 'baki', 'sh', 'a']"
kuikoa,"['ku', 'i', 'ko', 'ko', 'a']"
yanahitajika,"['ya', 'na', 'hitaji', 'hitaji', 'k', 'a']"
aliikosa,"['a', 'li', 'i', 'ko', 'ko', 's', 'a']"
alitulia,"['a', 'li', 'tu', 'li', 'a']"
kijiwe,"['ki', 'ji', 'w', 'e']"
alilalama,"['a', 'li', 'lala', 'lala', 'm', 'a']"
kitaa,"['ki', 'ta', 'a']"
kiumakini,"['ki', 'uma', 'uma', 'k', 'i', 'ni']"
visheni,"['vi', 'sh', 'e', 'ni']"
mikoni,"['m', 'i', 'ko', 'ko', 'n', 'i']"
pigana,"['piga', 'piga', 'n', 'a']"
halijai,"['ha', 'li', 'ja', 'i']"
sifikirii,"['si', 'fikiri', 'fikiri', 'i']"
tumezoea,"['tu', 'me', 'zo', 'e', 'a']"
zinarudiana,"['zi', 'na', 'rudi', 'rudi', 'an', 'a']"
imesaliwa,"['i', 'me', 'sali', 'sali', 'w', 'a']"
anakosa,"['a', 'na', 'ko', 'ko', 's', 'a']"
kukamia,"['ku', 'ka', 'm', 'i', 'a']"
wanauzia,"['wa', 'na', 'u', 'zi', 'zi', 'a']"
tupendane,"['tu', 'penda', 'penda', 'n', 'e']"
tunaitaka,"['tu', 'na', 'ita', 'ita', 'k', 'a']"
unaisha,"['u', 'na', 'i', 'sh', 'a']"
yakae,"['ya', 'ka', 'e']"
inapohitajika,"['i', 'na', 'po', 'hitaji', 'hitaji', 'k', 'a']"
alibakia,"['a', 'li', 'baki', 'baki', 'a']"
kusalia,"['ku', 'sali', 'sali', 'a']"
kuchukiana,"['ku', 'chukia', 'chukia', 'n', 'a']"
aliyebakizwa,"['a', 'li', 'ye', 'baki', 'baki', 'zw', 'a']"
utakutana,"['u', 'ta', 'kuta', 'kuta', 'n', 'a']"
wafurahie,"['wa', 'furahi', 'furahi', 'e']"
akabadilika,"['a', 'ka', 'badili', 'badili', 'k', 'a']"
hakufai,"['ha', 'ku', 'fa', 'fa', 'i']"
uliyenaye,"['u', 'li', 'ye', 'na', 'na', 'y', 'e']"
wanalo,"['wa', 'n', 'a', 'lo']"
tukikutana,"['tu', 'ki', 'kuta', 'kuta', 'n', 'a']"
anayefikiria,"['a', 'na', 'ye', 'fikiri', 'fikiri', 'a']"
wakaze,"['wa', 'ka', 'z', 'e']"
akakataa,"['a', 'ka', 'kata', 'kata', 'a']"
kumekua,"['ku', 'me', 'ku', 'a']"
kukaribiana,"['ku', 'karibia', 'karibia', 'n', 'a']"
amezaa,"['a', 'meza', 'meza', 'a']"
kuumizana,"['ku', 'umiza', 'umiza', 'n', 'a']"
hakuishia,"['ha', 'ku', 'ishi', 'ishi', 'a']"
kumbadilisha,"['ku', 'm', 'badili', 'badili', 'sh', 'a']"
zinazowania,"['zi', 'na', 'zo', 'wa', 'ni', 'ni', 'a']"
kimebakiza,"['ki', 'me', 'baki', 'baki', 'z', 'a']"
kitakwaana,"['ki', 'ta', 'kwaa', 'kwaa', 'n', 'a']"
anadhaniwa,"['a', 'na', 'dhani', 'dhani', 'w', 'a']"
kukwaana,"['ku', 'kwaa', 'kwaa', 'n', 'a']"
anaishia,"['a', 'na', 'ishi', 'ishi', 'a']"
wazamani,"['wa', 'zama', 'zama', 'n', 'i']"
kunyimana,"['ku', 'nyima', 'nyima', 'n', 'a']"
viwalo,"['vi', 'w', 'a', 'lo']"
unaosha,"['u', 'na', 'o', 'sh', 'a']"
badilisha,"['badili', 'badili', 'sh', 'a']"
zitakapokutana,"['zi', 'taka', 'po', 'kuta', 'kuta', 'n', 'a']"
kukausha,"['ku', 'ka', 'u', 'sh', 'a']"
anafikiria,"['a', 'na', 'fikiri', 'fikiri', 'a']"
wakushi,"['wa', 'ku', 'sh', 'i']"
amebakiza,"['a', 'me', 'baki', 'baki', 'z', 'a']"
tukiitaka,"['tu', 'ki', 'ita', 'ita', 'k', 'a']"
unavyoishi,"['u', 'na', 'vyo', 'i', 'sh', 'i']"
ikikubalika,"['i', 'ki', 'kubali', 'kubali', 'k', 'a']"
ameibadilisha,"['a', 'me', 'i', 'badili', 'badili', 'sh', 'a']"
afikirie,"['a', 'fikiri', 'fikiri', 'e']"
kiuka,"['ki', 'u', 'k', 'a']"
wamalizane,"['wa', 'maliza', 'maliza', 'n', 'e']"
linalofaa,"['li', 'na', 'lo', 'fa', 'fa', 'a']"
kutakapokuwa,"['ku', 'taka', 'po', 'ku', 'w', 'a']"
mnyamani,"['m', 'nya', 'nya', 'm', 'a', 'ni']"
ulizi,"['u', 'li', 'z', 'i']"
imeoza,"['i', 'me', 'o', 'z', 'a']"
anawaza,"['a', 'na', 'wa', 'z', 'a']"
yanayokuwa,"['ya', 'na', 'yo', 'ku', 'w', 'a']"
mapaka,"['m', 'apa', 'apa', 'k', 'a']"
anayeuza,"['a', 'na', 'ye', 'u', 'z', 'a']"
vilichomwa,"['vi', 'li', 'cho', 'm', 'w', 'a']"
wanalima,"['wa', 'na', 'li', 'm', 'a']"
hakijawa,"['ha', 'ki', 'ja', 'w', 'a']"
vinavyopakana,"['vi', 'na', 'vyo', 'paka', 'paka', 'n', 'a']"
kuwafikiria,"['ku', 'wa', 'fikiri', 'fikiri', 'a']"
wakalimani,"['wa', 'ka', 'li', 'm', 'a', 'ni']"
simai,"['si', 'm', 'a', 'i']"
uwapo,"['u', 'w', 'a', 'po']"
tunashindana,"['tu', 'na', 'shinda', 'shinda', 'n', 'a']"
kudaiana,"['ku', 'dai', 'dai', 'an', 'a']"
anazouza,"['a', 'na', 'zo', 'u', 'z', 'a']"
waachane,"['wa', 'acha', 'acha', 'n', 'e']"
wametengana,"['wa', 'me', 'tenga', 'tenga', 'n', 'a']"
urudiwe,"['u', 'rudi', 'rudi', 'w', 'e']"
kinachotokana,"['ki', 'na', 'cho', 'toka', 'toka', 'n', 'a']"
kuyasafirisha,"['ku', 'ya', 'safiri', 'safiri', 'sh', 'a']"
kupakazwa,"['ku', 'paka', 'paka', 'zw', 'a']"
uliozaa,"['u', 'li', 'oza', 'oza', 'a']"
tunashawishika,"['tu', 'na', 'shawishi', 'shawishi', 'k', 'a']"
kuukataa,"['ku', 'u', 'kata', 'kata', 'a']"
hawawi,"['ha', 'wa', 'w', 'i']"
kimehifadhiwa,"['ki', 'me', 'hifadhi', 'hifadhi', 'w', 'a']"
kitusi,"['ki', 'tu', 's', 'i']"
unawaka,"['u', 'na', 'wa', 'k', 'a']"
yakaisha,"['ya', 'ka', 'i', 'sh', 'a']"
walioua,"['wa', 'li', 'o', 'u', 'a']"
hudaiwa,"['hu', 'dai', 'dai', 'w', 'a']"
waliua,"['wa', 'li', 'u', 'a']"
ukabaki,"['u', 'kaba', 'kaba', 'k', 'i']"
tunafikiria,"['tu', 'na', 'fikiri', 'fikiri', 'a']"
wanaosafirisha,"['wa', 'na', 'o', 'safiri', 'safiri', 'sh', 'a']"
ukoma,"['u', 'ko', 'ko', 'm', 'a']"
kuifurahisha,"['ku', 'i', 'furahi', 'furahi', 'sh', 'a']"
mkome,"['m', 'ko', 'ko', 'm', 'e']"
yanayoishia,"['ya', 'na', 'yo', 'ishi', 'ishi', 'a']"
wakiitana,"['wa', 'ki', 'ita', 'ita', 'n', 'a']"
hawatakaa,"['ha', 'wa', 'taka', 'taka', 'a']"
yameisha,"['ya', 'me', 'i', 'sh', 'a']"
huungana,"['hu', 'unga', 'unga', 'n', 'a']"
inaungana,"['i', 'na', 'unga', 'unga', 'n', 'a']"
tuliyokubaliana,"['tu', 'li', 'yo', 'kubali', 'kubali', 'an', 'a']"
likisafirisha,"['li', 'ki', 'safiri', 'safiri', 'sh', 'a']"
wanalia,"['wa', 'na', 'li', 'a']"
tokana,"['toka', 'toka', 'n', 'a']"
hayaishi,"['ha', 'ya', 'i', 'sh', 'i']"
zinazoua,"['zi', 'na', 'zo', 'u', 'a']"
hazitauzwa,"['ha', 'zi', 'ta', 'u', 'zw', 'a']"
tunaishia,"['tu', 'na', 'ishi', 'ishi', 'a']"
kuvumiliana,"['ku', 'vumilia', 'vumilia', 'n', 'a']"
akaitaka,"['a', 'ka', 'ita', 'ita', 'k', 'a']"
wanaye,"['wa', 'na', 'y', 'e']"
imeua,"['i', 'me', 'u', 'a']"
ulikataliwa,"['u', 'li', 'kata', 'kata', 'liw', 'a']"
ulikiuka,"['u', 'li', 'ki', 'uk', 'a']"
imeungana,"['i', 'me', 'unga', 'unga', 'n', 'a']"
kusimulia,"['ku', 'si', 'm', 'uli', 'a']"
haujaisha,"['ha', 'u', 'ja', 'i', 'sh', 'a']"
walivyouawa,"['wa', 'li', 'vyo', 'ua', 'ua', 'w', 'a']"
kuwabadilisha,"['ku', 'wa', 'badili', 'badili', 'sh', 'a']"
anatuma,"['a', 'na', 'tu', 'm', 'a']"
zinakuzwa,"['zi', 'na', 'ku', 'zw', 'a']"
hawatakiwa,"['ha', 'wa', 'ta', 'ki', 'w', 'a']"
zitabakia,"['zi', 'ta', 'baki', 'baki', 'a']"
aitwae,"['a', 'itwa', 'itwa', 'e']"
kuishika,"['ku', 'ishi', 'ishi', 'k', 'a']"
wanaotamani,"['wa', 'na', 'ota', 'ota', 'm', 'a', 'ni']"
wakishindana,"['wa', 'ki', 'shinda', 'shinda', 'n', 'a']"
hubakia,"['hu', 'baki', 'baki', 'a']"
limechoka,"['li', 'me', 'cho', 'k', 'a']"
akisalimiana,"['a', 'ki', 'salimia', 'salimia', 'n', 'a']"
inayokuwa,"['i', 'na', 'yo', 'ku', 'w', 'a']"
amejiua,"['a', 'me', 'ji', 'u', 'a']"
walimokuwa,"['wa', 'li', 'mo', 'ku', 'w', 'a']"
yalikubaliwa,"['ya', 'li', 'kubali', 'kubali', 'w', 'a']"
zimeuzwa,"['zi', 'me', 'u', 'zw', 'a']"
alirudisha,"['a', 'li', 'rudi', 'rudi', 'sh', 'a']"
kinapasa,"['ki', 'na', 'pa', 's', 'a']"
linarudisha,"['li', 'na', 'rudi', 'rudi', 'sh', 'a']"
ukataka,"['u', 'kata', 'kata', 'k', 'a']"
amechomwa,"['a', 'me', 'cho', 'm', 'w', 'a']"
watakataa,"['wa', 'takata', 'takata', 'a']"
ameivaa,"['a', 'me', 'iva', 'iva', 'a']"
hawajakutana,"['ha', 'wa', 'ja', 'kuta', 'kuta', 'n', 'a']"
wanae,"['wa', 'na', 'e']"
walichoma,"['wa', 'li', 'cho', 'm', 'a']"
anauawa,"['a', 'na', 'ua', 'ua', 'w', 'a']"
ameokoka,"['a', 'me', 'o', 'ko', 'ko', 'k', 'a']"
kushtakiwa,"['ku', 'shtaki', 'shtaki', 'w', 'a']"
wanaowaua,"['wa', 'na', 'o', 'wa', 'u', 'a']"
yatakapokuwa,"['ya', 'taka', 'po', 'ku', 'w', 'a']"
mogae,"['m', 'oga', 'oga', 'e']"
waliomweka,"['wa', 'li', 'o', 'mw', 'ek', 'a']"
vichakani,"['vi', 'cha', 'cha', 'k', 'a', 'ni']"
mwezake,"['m', 'weza', 'weza', 'k', 'e']"
mmekuwa,"['m', 'me', 'ku', 'w', 'a']"
watazidisha,"['wa', 'ta', 'zidi', 'zidi', 'sh', 'a']"
hazikuzaa,"['ha', 'zi', 'kuza', 'kuza', 'a']"
kujiungana,"['ku', 'ji', 'unga', 'unga', 'n', 'a']"
wanachofikiria,"['wa', 'na', 'cho', 'fikiri', 'fikiri', 'a']"
waliongozana,"['wa', 'li', 'ongoza', 'ongoza', 'n', 'a']"
alipingana,"['a', 'li', 'pinga', 'pinga', 'n', 'a']"
lisiwe,"['li', 'si', 'w', 'e']"
tumika,"['tu', 'm', 'ik', 'a']"
akubaliane,"['a', 'kubali', 'kubali', 'an', 'e']"
yakisubiriwa,"['ya', 'ki', 'subiri', 'subiri', 'w', 'a']"
tutaua,"['tu', 'ta', 'u', 'a']"
lowasa,"['lowa', 'lowa', 's', 'a']"
mizani,"['m', 'i', 'z', 'a', 'ni']"
tutashindana,"['tu', 'ta', 'shinda', 'shinda', 'n', 'a']"
tuisheni,"['tu', 'i', 'sh', 'e', 'ni']"
atawania,"['a', 'ta', 'wa', 'ni', 'ni', 'a']"
linapingana,"['li', 'na', 'pinga', 'pinga', 'n', 'a']"
iliyoungana,"['i', 'li', 'yo', 'unga', 'unga', 'n', 'a']"
anashtakiwa,"['a', 'na', 'shtaki', 'shtaki', 'w', 'a']"
alishtakiwa,"['a', 'li', 'shtaki', 'shtaki', 'w', 'a']"
limeitaka,"['li', 'me', 'ita', 'ita', 'k', 'a']"
sifai,"['si', 'fa', 'fa', 'i']"
ulikutana,"['u', 'li', 'kuta', 'kuta', 'n', 'a']"
kusikiza,"['ku', 'si', 'ki', 'z', 'a']"
waliyekuwa,"['wa', 'li', 'ye', 'ku', 'w', 'a']"
limejaliwa,"['li', 'me', 'ja', 'ja', 'liw', 'a']"
imebadilisha,"['i', 'me', 'badili', 'badili', 'sh', 'a']"
ungewaka,"['u', 'nge', 'wa', 'k', 'a']"
ataishia,"['a', 'ta', 'ishi', 'ishi', 'a']"
watakiwa,"['wa', 'ta', 'ki', 'w', 'a']"
vinavyodaiwa,"['vi', 'na', 'vyo', 'dai', 'dai', 'w', 'a']"
vinavyosadikiwa,"['vi', 'na', 'vyo', 'sadiki', 'sadiki', 'w', 'a']"
yalitokana,"['ya', 'li', 'toka', 'toka', 'n', 'a']"
kuchafuana,"['ku', 'chafua', 'chafua', 'n', 'a']"
hatukatai,"['ha', 'tu', 'kata', 'kata', 'i']"
hakitakuwa,"['ha', 'ki', 'ta', 'ku', 'w', 'a']"
vinavyodhaniwa,"['vi', 'na', 'vyo', 'dhani', 'dhani', 'w', 'a']"
hakitakiwi,"['ha', 'ki', 'ta', 'ki', 'w', 'i']"
kikiwamo,"['ki', 'ki', 'w', 'a', 'mo']"
unaoua,"['u', 'na', 'o', 'u', 'a']"
hatuamini,"['ha', 'tua', 'tua', 'm', 'i', 'ni']"
kinachofurahisha,"['ki', 'na', 'cho', 'furahi', 'furahi', 'sh', 'a']"
kulikuwapo,"['ku', 'li', 'ku', 'w', 'a', 'po']"
yanayohitajika,"['ya', 'na', 'yo', 'hitaji', 'hitaji', 'k', 'a']"
mibaya,"['m', 'iba', 'iba', 'y', 'a']"
amewaua,"['a', 'me', 'wa', 'u', 'a']"
aliyeajiriwa,"['a', 'li', 'ye', 'ajiri', 'ajiri', 'w', 'a']"
utarudisha,"['u', 'ta', 'rudi', 'rudi', 'sh', 'a']"
waliishi,"['wa', 'li', 'i', 'sh', 'i']"
walibadilisha,"['wa', 'li', 'badili', 'badili', 'sh', 'a']"
mziki,"['m', 'zi', 'k', 'i']"
hatutakubaliana,"['ha', 'tu', 'ta', 'kubali', 'kubali', 'an', 'a']"
wanayokuwa,"['wa', 'na', 'yo', 'ku', 'w', 'a']"
alifuatana,"['a', 'li', 'fuata', 'fuata', 'n', 'a']"
vichaa,"['vi', 'cha', 'cha', 'a']"
aliwaua,"['a', 'li', 'wa', 'u', 'a']"
waliwasha,"['wa', 'li', 'wa', 'sh', 'a']"
kuzibana,"['ku', 'ziba', 'ziba', 'n', 'a']"
atakavyokuwa,"['a', 'taka', 'vyo', 'ku', 'w', 'a']"
ulizaliwa,"['uliza', 'uliza', 'liw', 'a']"
alawi,"['a', 'la', 'la', 'w', 'i']"
mkuwa,"['m', 'ku', 'w', 'a']"
wakifukuzana,"['wa', 'ki', 'fukuza', 'fukuza', 'n', 'a']"
wanaolia,"['wa', 'na', 'o', 'li', 'a']"
wameisha,"['wa', 'me', 'i', 'sh', 'a']"
itakapo,"['i', 'ta', 'k', 'a', 'po']"
wanacho,"['wa', 'n', 'a', 'cho']"
kuanzai,"['ku', 'anza', 'anza', 'i']"
zitahifadhiwa,"['zi', 'ta', 'hifadhi', 'hifadhi', 'w', 'a']"
